target_point;heading;velocity;acceleration;stay_point
no;-3.29834;-1.41807;-0.236431;no
no;-3.0989;-1.43437;-0.239912;no
yes;-6.09934;1.41148;0.236621;no
no;-6.29538;1.43557;0.239903;no
no;-4.7446;0.046238;0.011537;no
no;-1.53391;0.05295;0.005042;no
yes;-2.55257;-0.733422;-0.23991;yes
no;-2.87018;-0.849774;-0.229938;no
no;-2.64441;-0.775272;-0.239494;no
no;-5.43787;0.585245;0.230428;no
no;-5.65944;0.715969;0.23954;no
no;-4.17614;-0.450658;0.006173;no
no;-0.987987;0.485462;0.005001;no
no;-3.18475;-1.69058;-0.319516;yes
no;-3.4102;-1.63147;-0.315362;no
no;-3.21012;-1.68818;-0.319859;no
yes;-6.21581;1.68831;0.315626;no
no;-6.41251;1.67802;0.319844;no
no;-4.85968;0.248342;0.015721;no
no;-1.64837;-0.131139;0.006581;no
yes;-2.6067;-0.721167;-0.319935;yes
no;-2.92057;-0.81786;-0.306286;no
no;-2.69181;-0.75488;-0.319323;no
no;-5.48213;0.58338;0.306982;no
no;-5.70664;0.702751;0.319391;no
no;-4.22318;-0.393918;0.008203;no
no;-1.03559;0.427521;0.006513;no
no;-3.16617;-1.83501;-0.31949;yes
no;-3.39266;-1.77801;-0.315385;no
no;-3.19157;-1.83327;-0.319845;no
yes;-6.19878;1.82903;0.31563;no
no;-6.39648;1.82379;0.319833;no
no;-4.84277;0.238646;0.015784;no
no;-1.6312;-0.110811;0.006601;no
yes;-2.80295;-0.823519;-0.319895;yes
no;-3.12428;-0.872976;-0.306103;no
no;-2.89309;-0.846287;-0.319332;no
no;-5.68164;0.719842;0.306779;no
no;-5.90851;0.812536;0.319393;no
no;-4.42478;-0.247663;0.008157;no
no;-1.23724;0.285856;0.006544;no
no;-3.14143;-2.05157;-0.639218;yes
yes;-6.90972;0.389054;0;yes
no;-3.74532;-0.395376;0;no
no;-3.91603;-0.34331;0;no
no;-6.57868;0.459461;0;no
no;-6.74802;0.429317;0;no
no;-5.25852;0.249447;0;no
yes;-2.32978;-0.360884;0;yes
no;-4.36143;-0.18029;0;no
no;-4.1878;-0.262652;0;no
no;-7.02407;0.386939;0;no
no;-7.19498;0.321107;0;no
no;-5.71483;0.44196;0;no
no;-2.52569;-0.428044;0;no
yes;-1.70721;-0.092057;0;yes
no;-3.74839;-0.556068;0;no
no;-3.57403;-0.6146;0;no
no;-6.40806;0.671642;0;no
no;-6.58101;0.647113;0;no
no;-5.08945;0.249234;0;no
no;-1.9237;-0.233955;0;no
yes;-2.83731;-0.748684;0;yes
no;-3.63032;-0.692864;0;no
no;-3.4543;-0.746677;0;no
no;-6.2873;0.784727;0;no
no;-6.46193;0.772231;0;no
no;-4.96977;0.199754;0;no
no;-1.80464;-0.181837;0;no
yes;-2.78102;-0.638916;0;yes
no;-3.69882;-0.579532;0;no
no;-3.52062;-0.634361;0;no
no;-6.35416;0.681105;0;no
no;-6.53089;0.661983;0;no
no;-5.03786;0.218333;0;no
no;-1.87198;-0.20256;0;no
yes;-2.94801;-0.770404;0;yes
no;-3.60994;-0.700527;0;no
no;-3.43004;-0.752635;0;no
no;-6.26266;0.784903;0;no
no;-6.44111;0.775298;0;no
no;-4.94747;0.182858;0;no
no;-1.78208;-0.16464;0;no
yes;-3.07473;-1.42379;0;yes
no;-3.45437;-1.35775;0;no
no;-3.27403;-1.41449;0;no
no;-6.10694;1.40488;0;no
no;-6.28578;1.42698;0;no
no;-4.79212;0.11366;0;no
no;-1.62612;-0.078909;0;no
yes;-3.10491;-1.72754;0;yes
no;-3.41175;-1.666;0;no
no;-3.22973;-1.72199;0;no
no;-6.06356;1.68718;0;no
no;-6.2426;1.72728;0;no
no;-4.76033;0.082837;0;no
no;-1.57059;0.000356;0;no
yes;-3.05342;-1.57584;0;yes
no;-3.39581;-1.53114;0;no
no;-3.21251;-1.57801;0;no
no;-6.04473;1.53722;0;no
no;-6.2265;1.57945;0;no
no;-4.73174;0.030615;0;no
no;-1.56586;0.007811;0;no
yes;-3.04723;-1.45401;0;yes
no;-3.40486;-1.41019;0;no
no;-3.21947;-1.45608;0;no
no;-6.05072;1.42123;0;no
no;-6.23458;1.45878;0;no
no;-4.73914;0.039073;0;no
no;-1.57358;-0.004061;0;no
yes;-3.01827;-1.59465;0;yes
no;-3.34729;-1.57298;0;no
no;-3.16063;-1.60656;0;no
no;-5.99058;1.53856;0;no
no;-6.17566;1.59757;0;no
no;-4.68052;-0.051201;0;no
no;-1.51447;0.090456;0;no
yes;-3.00093;-1.45849;0;yes
no;-3.32031;-1.44958;0;no
no;-3.13059;-1.47295;0;no
no;-5.96052;1.39702;0;no
no;-6.14706;1.45941;0;no
no;-4.66329;-0.072301;0;no
no;-1.47355;0.143021;0;no
yes;-2.98545;-1.35513;0;yes
no;-3.32918;-1.34775;0;no
no;-3.13801;-1.37181;0;no
no;-5.96576;1.30328;0;no
no;-6.1553;1.36061;0;no
no;-4.65901;-0.073186;0;no
no;-1.49317;0.106377;0;no
yes;-3.01027;-1.25046;0;yes
no;-3.37077;-1.22835;0;no
no;-3.17716;-1.26053;0;no
no;-6.00439;1.21262;0;no
no;-6.19636;1.25657;0;no
no;-4.69901;-0.016872;0;no
no;-1.5335;0.047032;0;no
yes;-3.00627;-1.18969;0;yes
no;-3.37845;-1.16714;0;no
no;-3.18248;-1.19966;0;no
no;-6.00894;1.15579;0;no
no;-6.20321;1.19683;0;no
no;-4.70528;-0.008533;0;no
no;-1.53952;0.037549;0;no
no;-6.42227;1.51826;0;yes
no;-3.44249;-1.46419;0;no
no;-3.26043;-1.52225;0;no
yes;-6.24952;1.5322;0;no
no;-6.43009;1.51655;0;no
no;-4.86716;0.236326;0;no
no;-1.69229;-0.185805;0;no
yes;-2.88834;-1.23924;0;yes
no;-3.22431;-1.2757;0;no
no;-3.02672;-1.27164;0;no
no;-5.84834;1.16095;0;no
no;-6.04421;1.2437;0;no
no;-4.54775;-0.209796;0;no
no;-1.38219;0.24;0;no
no;-3.30697;-1.5172;0;yes
no;-3.37845;-1.49524;0;no
no;-3.19676;-1.53585;0;no
yes;-6.18599;1.53093;0;no
no;-6.36618;1.53289;0;no
no;-4.80335;0.139719;0;no
no;-1.62851;-0.088717;0;no
yes;-2.85479;-1.32119;0;yes
no;-3.16948;-1.37692;0;no
no;-2.97027;-1.35729;0;no
no;-5.78918;1.21277;0;no
no;-5.98665;1.31734;0;no
no;-4.49071;-0.302859;0;no
no;-1.32521;0.334895;0;no
no;-3.20174;-1.47592;0;yes
no;-3.28244;-1.46395;0;no
no;-3.09882;-1.47724;0;no
yes;-6.08701;1.45023;0;no
no;-6.26913;1.47845;0;no
no;-4.70569;-0.009902;0;no
no;-1.53113;0.058637;0;no
yes;-2.82787;-1.00485;0;yes
no;-3.18532;-1.0554;0;no
no;-2.98233;-1.04304;0;no
no;-5.79908;0.93502;0;no
no;-6.00028;1.01442;0;no
no;-4.50359;-0.218983;0;no
no;-1.33814;0.24357;0;no
no;-3.15148;-1.51643;-0.161876;yes
no;-3.28366;-1.50123;-0.159648;no
no;-3.09771;-1.51505;-0.161975;no
yes;-6.08954;1.48816;0.159788;no
no;-6.27248;1.51642;0.16197;no
no;-4.72859;0.024572;0.00722;no
no;-1.52142;0.074848;0.003401;no
yes;-2.90623;-0.941724;-0.161102;yes
no;-3.27965;-0.959209;-0.156196;no
no;-3.07289;-0.966138;-0.161688;no
no;-5.89164;0.895132;0.156499;no
no;-6.09481;0.951291;0.161722;no
no;-4.60818;-0.100735;0.00423;no
no;-1.4197;0.145772;0.003366;no
no;-3.15658;-1.56789;-0.16184;yes
no;-3.28357;-1.55228;-0.15964;no
no;-3.09616;-1.56645;-0.161972;no
yes;-6.08823;1.53836;0.159762;no
no;-6.27259;1.56798;0.161968;no
no;-4.72832;0.024976;0.007234;no
no;-1.52067;0.078575;0.003464;no
yes;-3.00882;-0.981867;-0.161044;yes
no;-3.3869;-0.960931;-0.15614;no
no;-3.17779;-0.989936;-0.161698;no
no;-5.99571;0.949934;0.15642;no
no;-6.20113;0.987252;0.161725;no
no;-4.7141;0.001692;0.004223;no
no;-1.5252;0.045148;0.003439;no
no;-3.16994;-1.52769;-0.239778;yes
no;-3.38172;-1.48446;-0.236579;no
no;-3.19298;-1.52629;-0.239951;no
yes;-6.18774;1.52135;0.236676;no
no;-6.37492;1.52188;0.239947;no
no;-4.8065;0.143622;0.005517;no
no;-1.63134;-0.092474;0.002539;no
yes;-2.75867;-0.788599;-0.23849;yes
no;-3.14331;-0.85017;-0.231142;no
no;-2.9319;-0.831548;-0.23955;no
no;-5.74341;0.729297;0.231367;no
no;-5.95293;0.804228;0.239574;no
no;-4.45466;-0.216694;0.003134;no
no;-1.28953;0.235983;0.002515;no
no;-3.15296;-1.52346;-0.40196;yes
no;-3.3377;-1.49435;-0.396171;no
no;-3.14637;-1.52354;-0.401913;no
yes;-6.1428;1.50856;0.396475;no
no;-6.33099;1.52181;0.401901;no
no;-4.78368;0.108529;0.018363;no
no;-1.57536;-0.006956;0.008455;no
yes;-2.79005;-0.871991;-0.400769;yes
no;-3.14476;-0.928789;-0.386741;no
no;-2.93026;-0.908131;-0.40123;no
no;-5.74025;0.79523;0.387469;no
no;-5.95094;0.877999;0.401301;no
no;-4.46484;-0.227577;0.010328;no
no;-1.27669;0.269246;0.008389;no
no;-3.12643;-1.54965;-0.481685;yes
no;-3.33214;-1.52178;-0.475058;no
no;-3.13994;-1.54982;-0.481874;no
yes;-6.13646;1.53317;0.475256;no
no;-6.32707;1.54833;0.481865;no
no;-4.7563;0.068037;0.011194;no
no;-1.58105;-0.01589;0.005029;no
yes;-2.83828;-0.916903;-0.480213;yes
no;-3.20142;-0.959041;-0.463603;no
no;-2.98555;-0.949087;-0.48109;no
no;-5.79232;0.847317;0.464072;no
no;-6.00624;0.924152;0.481138;no
no;-4.50805;-0.19496;0.006249;no
no;-1.34316;0.216824;0.004981;no
no;-3.10191;-1.3738;-0.401878;yes
no;-3.29841;-1.35801;-0.396078;no
no;-3.10259;-1.37384;-0.401885;no
yes;-6.10087;1.3521;0.39639;no
no;-6.29342;1.37481;0.401872;no
no;-4.74412;0.043619;0.018796;no
no;-1.53481;0.049474;0.008421;no
yes;-2.67867;-0.825864;-0.401471;yes
no;-3.0129;-0.915377;-0.386022;no
no;-2.79306;-0.867514;-0.401202;no
no;-5.59565;0.713311;0.38679;no
no;-5.8115;0.822223;0.401275;no
no;-4.32646;-0.347439;0.010311;no
no;-1.13844;0.386755;0.008353;no
no;-3.10357;-1.37389;-0.239928;yes
no;-3.30006;-1.35766;-0.236444;no
no;-3.10226;-1.37382;-0.23992;no
yes;-6.10133;1.35221;0.236618;no
no;-6.29577;1.37478;0.239914;no
no;-4.74589;0.046048;0.011358;no
no;-1.53575;0.048178;0.005089;no
yes;-2.69554;-0.803202;-0.239777;yes
no;-3.02447;-0.884213;-0.230247;no
no;-2.80175;-0.839393;-0.239517;no
no;-5.60074;0.690909;0.230698;no
no;-5.81936;0.796248;0.239556;no
no;-4.3349;-0.328154;0.006158;no
no;-1.14658;0.36646;0.005056;no
no;-3.09324;-1.434;-0.239871;yes
no;-3.3604;-2.00265;-0.630821;no
no;-3.15883;-2.05126;-0.639671;no
yes;-6.16745;2.03784;0.631309;no
no;-6.36563;2.0446;0.639647;no
no;-4.81115;0.202285;0.031676;no
no;-1.59955;-0.05898;0.013115;no
yes;-2.81261;-0.846171;-0.639845;yes
no;-3.13346;-0.894092;-0.61163;no
no;-2.89953;-0.868053;-0.638651;no
no;-5.68476;0.738744;0.613013;no
no;-5.9143;0.833975;0.638774;no
no;-4.43079;-0.248471;0.016249;no
no;-1.24349;0.287457;0.013002;no
no;-3.12059;-2.32153;-0.481644;yes
no;-3.32774;-2.28192;-0.475128;no
no;-3.12614;-2.32176;-0.481738;no
yes;-6.13589;2.2969;0.475492;no
no;-6.33412;2.31903;0.48172;no
no;-4.77913;0.154853;0.023891;no
no;-1.56756;0.007507;0.009824;no
yes;-3.06208;-0.916731;-0.48147;yes
no;-3.40816;-0.887155;-0.460549;no
no;-3.17139;-0.919228;-0.481049;no
no;-5.95838;0.871552;0.461599;no
no;-6.19068;0.915704;0.481137;no
no;-4.70516;-0.006648;0.012349;no
no;-1.51773;0.048777;0.009741;no
no;-3.18808;-2.39161;-0.481187;yes
no;-3.41298;-2.30657;-0.475289;no
no;-3.21011;-2.38858;-0.481685;no
yes;-6.22544;2.39021;0.475673;no
no;-6.4249;2.3702;0.481659;no
no;-4.8681;0.371297;0.024728;no
no;-1.65507;-0.201528;0.009693;no
yes;-3.05589;-0.965047;-0.481472;yes
no;-3.40416;-0.935406;-0.460224;no
no;-3.16476;-0.968342;-0.481059;no
no;-5.95024;0.91541;0.46134;no
no;-6.18509;0.963946;0.481157;no
no;-4.69903;-0.012936;0.012424;no
no;-1.51176;0.057145;0.00959;no
no;-3.19274;-2.4852;-0.400973;yes
no;-3.42901;-2.38637;-0.396556;no
no;-3.226;-2.47959;-0.401706;no
yes;-6.24351;2.48649;0.396715;no
no;-6.44481;2.45602;0.401695;no
no;-4.86113;0.368768;0.010483;no
no;-1.68348;-0.279804;0.004012;no
yes;-3.04651;-1.02059;-0.401489;yes
no;-3.3993;-0.991367;-0.383764;no
no;-3.1585;-1.02508;-0.401239;no
no;-5.94015;0.96549;0.384237;no
no;-6.17864;1.01963;0.40128;no
no;-4.68057;-0.032619;0.005158;no
no;-1.51628;0.055869;0.003967;no
no;-3.1913;-2.52482;-0.480807;yes
no;-3.42609;-2.42633;-0.475482;no
no;-3.22094;-2.51999;-0.481598;no
yes;-6.24339;2.52594;0.475859;no
no;-6.44508;2.49489;0.48157;no
no;-4.88602;0.436716;0.02587;no
no;-1.67072;-0.252172;0.009643;no
yes;-3.06045;-1.07543;-0.481526;yes
no;-3.41084;-1.04011;-0.459565;no
no;-3.16619;-1.07866;-0.48108;no
no;-5.94795;1.01892;0.460722;no
no;-6.18789;1.07409;0.481177;no
no;-4.70125;-0.012014;0.012478;no
no;-1.51398;0.061269;0.009537;no
no;-3.13825;-2.66936;-0.481129;yes
no;-3.3626;-2.60445;-0.475496;no
no;-3.15701;-2.66906;-0.481586;no
yes;-6.1799;2.65515;0.475846;no
no;-6.38201;2.65635;0.481565;no
no;-1.63221;-0.163836;-0.002315;no
no;-1.60725;-0.097287;0.009715;no
no;-4.79097;0.209535;0.010586;no
yes;-3.1187;-1.09164;-0.481301;yes
no;-3.48041;-1.02984;-0.459303;no
no;-3.23268;-1.0874;-0.481118;no
no;-6.0137;1.05251;0.460433;no
no;-6.2566;1.09154;0.481203;no
no;-4.7691;0.061887;0.012509;no
no;-1.58157;-0.011764;0.009629;no
no;-6.44321;2.6722;0.481467;yes
no;-3.41715;-2.60467;-0.475659;no
no;-3.21027;-2.7004;-0.481516;no
yes;-6.23824;2.70405;0.475977;no
no;-6.4416;2.67289;0.481503;no
no;-1.70471;-0.361394;-0.009965;no
no;-1.6637;-0.251099;0.009802;no
no;-4.8474;0.364343;0.010495;no
yes;-3.20541;-0.98899;-0.48052;yes
no;-3.5938;-0.891395;-0.458997;no
no;-3.34184;-0.971204;-0.481179;no
no;-6.12272;0.978276;0.460106;no
no;-6.36967;0.987303;0.481251;no
no;-4.88063;0.16594;0.012619;no
no;-1.69266;-0.120467;0.009732;no
no;-6.72584;2.35942;0.455104;yes
no;-3.41032;-2.51737;-0.475708;no
no;-3.20148;-2.6064;-0.481459;no
yes;-6.23336;2.60784;0.476077;no
no;-6.43864;2.57959;0.48143;no
no;-1.658;-0.227393;0.009563;no
no;-4.84144;0.336035;0.01061;no
yes;-3.2311;-1.10764;-0.480228;yes
no;-3.62797;-0.983128;-0.45884;no
no;-3.37353;-1.08232;-0.481218;no
no;-6.15546;1.10304;0.460055;no
no;-6.40485;1.10387;0.481305;no
no;-4.91408;0.222779;0.012786;no
no;-1.72633;-0.172273;0.009457;no
no;-1.5933;-0.057243;0.01749;yes
no;-3.36935;-2.47799;-0.396754;no
no;-3.15876;-2.54331;-0.401521;no
yes;-6.19198;2.53311;0.397042;no
no;-6.39895;2.52666;0.401503;no
no;-1.61683;-0.117051;0.008038;no
no;-4.80021;0.223116;0.008762;no
yes;-3.17457;-1.18961;-0.400618;yes
no;-3.57062;-1.08238;-0.382458;no
no;-3.31376;-1.17265;-0.401365;no
no;-6.09413;1.16904;0.383447;no
no;-6.34585;1.18792;0.40143;no
no;-4.85482;0.168958;0.010647;no
no;-1.66693;-0.114245;0.007964;no
no;-2.8499;-2.40991;-0.304662;yes
no;-3.32275;-2.47502;-0.315811;no
no;-3.1106;-2.51499;-0.319597;no
yes;-6.14489;2.49217;0.31604;no
no;-6.35337;2.51;0.319583;no
no;-1.57002;0.001948;0.006382;no
no;-4.75331;0.102933;0.006959;no
yes;-3.13446;-1.22238;-0.318855;yes
no;-3.53433;-1.12934;-0.304228;no
no;-3.27461;-1.21161;-0.319506;no
no;-6.05358;1.19033;0.30503;no
no;-6.30805;1.22203;0.319557;no
no;-4.81645;0.12697;0.008506;no
no;-1.62851;-0.070507;0.006324;no
no;-2.92156;-2.39491;-0.311433;yes
no;-3.31549;-2.41707;-0.315809;no
no;-3.10146;-2.4521;-0.319567;no
yes;-6.13757;2.42811;0.316039;no
no;-6.3479;2.44894;0.319553;no
no;-1.56289;0.0194;0.006331;no
no;-4.74584;0.082086;0.006903;no
yes;-3.13244;-1.23883;-0.318703;yes
no;-3.53993;-1.14188;-0.304013;no
no;-3.27709;-1.22753;-0.319523;no
no;-6.05492;1.20675;0.304827;no
no;-6.31244;1.23835;0.319573;no
no;-4.81988;0.132914;0.008504;no
no;-1.63211;-0.075911;0.006272;no
no;-2.8771;-2.29811;-0.299033;yes
no;-3.40136;-2.30103;-0.315899;no
no;-3.18512;-2.37865;-0.319498;no
yes;-6.22729;2.37719;0.316143;no
no;-6.43977;2.35178;0.319479;no
no;-1.65078;-0.190228;0.006248;no
no;-4.83358;0.287832;0.006937;no
yes;-3.04663;-1.1578;-0.318584;yes
no;-3.46165;-1.10397;-0.303661;no
no;-3.19507;-1.16138;-0.319527;no
no;-5.9701;1.1065;0.304529;no
no;-6.23124;1.16147;0.319582;no
no;-4.73825;0.030072;0.008553;no
no;-1.55062;0.023458;0.006175;no
no;-2.9237;-2.31957;-0.305842;yes
no;-3.38157;-2.30766;-0.315948;no
no;-3.16375;-2.37516;-0.319452;no
yes;-6.20936;2.36927;0.316187;no
no;-6.42346;2.35241;0.319432;no
no;-1.63254;-0.146601;0.006059;no
no;-4.8142;0.241456;0.00676;no
yes;-3.04377;-1.20208;-0.318511;yes
no;-3.46299;-1.14601;-0.303479;no
no;-3.19337;-1.20624;-0.319548;no
no;-5.96776;1.14826;0.304344;no
no;-6.23196;1.20627;0.319602;no
no;-4.73724;0.030015;0.008379;no
no;-1.55075;0.024208;0.005986;no
no;-2.91504;-2.19555;-0.308832;yes
no;-3.33975;-2.20903;-0.315925;no
no;-3.11954;-2.25258;-0.319415;no
yes;-6.16666;2.23785;0.316167;no
no;-6.38308;2.24189;0.319395;no
no;-1.59026;-0.043857;0.006061;no
no;-4.77192;0.13406;0.00676;no
yes;-3.01556;-1.23702;-0.318648;yes
no;-3.43299;-1.19435;-0.303198;no
no;-3.16031;-1.2467;-0.319553;no
no;-5.93236;1.17097;0.304083;no
no;-6.1995;1.24255;0.319606;no
no;-4.70459;-0.00973;0.008413;no
no;-1.51799;0.065816;0.005987;no
no;-2.97443;-2.31228;-0.236292;yes
no;-3.3099;-2.31183;-0.236951;no
no;-3.08863;-2.34168;-0.23954;no
yes;-6.13766;2.32018;0.237146;no
no;-6.35508;2.33891;0.23952;no
no;-1.56077;0.023522;0.004518;no
no;-4.74256;0.070752;0.005131;no
yes;-2.92769;-1.2211;-0.239204;yes
no;-3.33842;-1.22545;-0.227097;no
no;-3.06244;-1.24566;-0.239656;no
no;-5.83055;1.12374;0.227807;no
no;-6.10086;1.22886;0.239701;no
no;-4.60637;-0.132226;0.006365;no
no;-1.4197;0.188093;0.004454;no
no;-3.02646;-2.19257;-0.23342;yes
no;-3.41882;-2.12291;-0.23702;no
no;-3.19469;-2.20407;-0.239468;no
yes;-6.25057;2.20601;0.237225;no
no;-6.47074;2.16847;0.239443;no
no;-1.67164;-0.222207;0.004485;no
no;-4.85353;0.310489;0.005185;no
yes;-2.85813;-1.1381;-0.239335;yes
no;-3.26634;-1.1762;-0.226745;no
no;-2.9863;-1.17115;-0.23965;no
no;-5.75;1.02086;0.227506;no
no;-6.02421;1.14588;0.2397;no
no;-4.53001;-0.215002;0.006418;no
no;-1.3433;0.267357;0.004409;no
no;-3.06826;-2.19237;-0.235021;yes
no;-3.42836;-2.1085;-0.23708;no
no;-3.20241;-2.19421;-0.239413;no
yes;-6.26315;2.19783;0.237278;no
no;-6.48528;2.15354;0.239386;no
no;-1.68378;-0.247837;0.004244;no
no;-4.86369;0.331325;0.004951;no
yes;-2.9379;-1.09975;-0.239382;yes
no;-3.34583;-1.09963;-0.226557;no
no;-3.06159;-1.11937;-0.239673;no
no;-5.82451;1.0069;0.227307;no
no;-6.10305;1.10479;0.23972;no
no;-4.60609;-0.119147;0.006172;no
no;-1.42141;0.167129;0.004167;no
no;-3.08777;-2.33548;-0.237756;yes
no;-3.38011;-2.27265;-0.2371;no
no;-3.15339;-2.33871;-0.23939;no
yes;-6.21708;2.33376;0.237336;no
no;-6.4399;2.31021;0.239346;no
no;-1.63635;-0.153219;0.004178;no
no;-4.81679;0.243743;0.005144;no
yes;-2.93567;-1.11174;-0.239542;yes
no;-3.33743;-1.11403;-0.226248;no
no;-3.04945;-1.13092;-0.239672;no
no;-5.80961;1.01074;0.227104;no
no;-6.0917;1.11498;0.239731;no
no;-4.59462;-0.133448;0.006364;no
no;-1.40954;0.182354;0.004072;no
no;-3.07559;-2.3619;-0.238356;yes
no;-3.34703;-2.31728;-0.237143;no
no;-3.11988;-2.3665;-0.239363;no
yes;-6.18319;2.35523;0.237266;no
no;-6.40847;2.3485;0.239337;no
no;-1.6137;-0.101526;0.001954;no
no;-4.77372;0.145089;0.002469;no
yes;-2.99107;-1.11555;-0.239535;yes
no;-3.39423;-1.09249;-0.226178;no
no;-3.10389;-1.1275;-0.23969;no
no;-5.85928;1.02844;0.226615;no
no;-6.14676;1.11782;0.239721;no
no;-4.63676;-0.085254;0.003059;no
no;-1.47453;0.108454;0.001894;no
no;-3.18263;-2.32812;-0.23932;yes
no;-3.41106;-2.24599;-0.237184;no
no;-3.18067;-2.3283;-0.239285;no
yes;-6.25362;2.32906;0.237453;no
no;-6.47999;2.2851;0.239219;no
no;-1.67019;-0.231206;0.004034;no
no;-4.85052;0.320839;0.005263;no
yes;-3.01731;-1.11158;-0.23978;yes
no;-3.40646;-1.08116;-0.225734;no
no;-3.11024;-1.11967;-0.239695;no
no;-5.86719;1.02468;0.226707;no
no;-6.15725;1.11135;0.239762;no
no;-4.65792;-0.060987;0.006519;no
no;-1.47293;0.109456;0.003895;no
no;-3.22436;-2.30525;-0.16184;yes
no;-3.41974;-2.22427;-0.160135;no
no;-3.1873;-2.31075;-0.161467;no
yes;-6.26555;2.31281;0.160316;no
no;-6.49373;2.26209;0.161422;no
no;-1.67966;-0.251329;0.002848;no
no;-4.86158;0.343835;0.003685;no
yes;-2.9153;-0.982789;-0.161956;yes
no;-3.28928;-0.997522;-0.152057;no
no;-2.98772;-0.996585;-0.161788;no
no;-5.73937;0.863016;0.152753;no
no;-6.0343;0.977425;0.161835;no
no;-4.53622;-0.176745;0.004574;no
no;-1.3494;0.22146;0.002753;no
no;-3.30373;-2.241;0;yes
no;-3.49634;-2.12939;0;no
no;-3.26147;-2.25449;0;no
yes;-6.34671;2.26621;0;no
no;-6.57723;2.17332;0;no
no;-1.75848;-0.423699;0;no
no;-4.94052;0.513557;0;no
yes;-2.9931;-1.0122;0;yes
no;-3.35915;-0.999339;0;no
no;-3.0533;-1.01948;0;no
no;-5.80234;0.90741;0;no
no;-6.10135;1.00659;0;no
no;-4.60283;-0.111909;0;no
no;-1.41562;0.158185;0;no
no;-3.31938;-2.19726;0;yes
no;-3.47728;-2.10785;0;no
no;-3.24024;-2.2216;0;no
yes;-6.32993;2.23002;0;no
no;-6.56252;2.14592;0;no
no;-1.74055;-0.377154;0;no
no;-4.9226;0.465841;0;no
yes;-6.51162;0.99603;0;yes
no;-3.46975;-0.968027;0;no
no;-3.15915;-1.02244;0;no
no;-5.90721;0.951164;0;no
no;-6.21076;1.01991;0;no
no;-4.71069;-0.00174;0;no
no;-1.52331;0.048545;0;no
no;-3.30802;-2.17734;0.079991;yes
no;-3.43957;-2.11056;0.079131;no
no;-3.20046;-2.20402;0.079668;no
yes;-6.29377;2.20772;-0.079222;no
no;-6.52836;2.14182;-0.079642;no
no;-1.70361;-0.292373;-0.001399;no
no;-4.88568;0.380683;-0.001839;no
yes;-6.65619;1.00946;-0.077397;yes
no;-3.6193;-0.962648;0.074857;no
no;-3.30415;-1.06971;0.079919;no
no;-6.05326;1.05547;-0.075232;no
no;-6.36117;1.08071;-0.079941;no
no;-4.85874;0.158073;-0.002338;no
no;-1.67107;-0.108519;-0.001347;no
no;-3.36487;-2.19518;0;yes
no;-3.47959;-2.12369;0;no
no;-3.2386;-2.24047;0;no
yes;-6.33775;2.2477;0;no
no;-6.57414;2.15644;0;no
no;-1.74557;-0.39143;0;no
no;-4.92771;0.480958;0;no
yes;-6.72653;0.968611;0;yes
no;-3.78444;-0.858245;0;no
no;-3.46342;-1.01722;0;no
no;-6.21417;1.06972;0;no
no;-6.52765;1.0404;0;no
no;-5.02226;0.326976;0;no
no;-1.8339;-0.278873;0;no
no;-3.45138;-2.20092;0;yes
no;-3.57362;-2.09859;0;no
no;-3.33054;-2.26979;0;no
yes;-6.43922;2.28285;0;no
no;-6.67766;2.13345;0;no
no;-1.8435;-0.622416;0;no
no;-5.02535;0.711487;0;no
yes;-6.82184;0.98642;0;yes
no;-3.85248;-0.870797;0;no
no;-3.52656;-1.06503;0;no
no;-6.27954;1.14913;0;no
no;-6.59773;1.09275;0;no
no;-5.08921;0.422848;0;no
no;-1.90066;-0.372217;0;no
no;-3.45887;-2.18947;0.079967;yes
no;-3.56871;-2.09747;0.079227;no
no;-3.3235;-2.26647;0.079554;no
yes;-6.43921;2.2765;-0.079308;no
no;-6.67969;2.1257;-0.07953;no
no;-1.84105;-0.615248;-0.001405;no
no;-5.02291;0.70414;-0.001816;no
yes;-4.9874;0.297605;0.002821;yes
no;-3.81923;-0.853771;0.074664;no
no;-3.48772;-1.03091;0.07995;no
no;-6.23985;1.09488;-0.075052;no
no;-6.5634;1.05316;-0.079966;no
no;-5.0529;0.366003;-0.002418;no
no;-1.86415;-0.316895;-0.001355;no
no;-3.48385;-2.20241;0.07999;yes
no;-3.60175;-2.09481;0.079269;no
no;-3.35447;-2.28523;0.079502;no
yes;-6.47959;2.29306;-0.079344;no
no;-6.72205;2.11645;-0.079481;no
no;-1.87772;-0.706386;-0.001423;no
no;-5.05968;0.795735;-0.001805;no
yes;-3.98821;-0.757809;0.070585;yes
no;-3.8668;-0.855995;0.074626;no
no;-3.5299;-1.05867;0.079961;no
no;-6.28464;1.14382;-0.075011;no
no;-6.61327;1.08207;-0.079974;no
no;-5.09962;0.431942;-0.002456;no
no;-1.91013;-0.380729;-0.001376;no
no;-3.51747;-2.21125;0;yes
no;-3.6508;-2.07562;0;no
no;-3.40131;-2.2975;0;no
yes;-6.53972;2.29943;0;no
no;-6.7843;2.08493;0;no
no;-1.93232;-0.840832;0;no
no;-5.11435;0.930016;0;no
yes;-3.64877;-1.12493;0;yes
no;-3.9958;-0.845284;0;no
no;-3.65325;-1.12213;0;no
no;-6.4173;1.27538;0;no
no;-6.75131;1.14849;0;no
no;-5.23131;0.638249;0;no
no;-2.04093;-0.582989;0;no
no;-3.51277;-2.25138;0;yes
no;-3.66368;-2.09405;0;no
no;-3.41218;-2.32799;0;no
yes;-6.56349;2.32161;0;no
no;-6.80999;2.08835;0;no
no;-1.9506;-0.895677;0;no
no;-5.13277;0.985958;0;no
yes;-3.55243;-1.08365;0;yes
no;-3.85046;-0.897258;0;no
no;-3.50229;-1.10595;0;no
no;-6.267;1.18185;0;no
no;-6.60631;1.12084;0;no
no;-5.08396;0.429163;0;no
no;-1.89288;-0.374158;0;no
no;-3.39917;-2.26881;0;yes
no;-3.54371;-2.15906;0;no
no;-3.29027;-2.32033;0;no
yes;-6.4494;2.31388;0;no
no;-6.69775;2.14747;0;no
no;-1.83354;-0.609377;0;no
no;-5.01582;0.701039;0;no
yes;-3.46848;-1.25666;0;yes
no;-3.74295;-1.09414;0;no
no;-3.39114;-1.28583;0;no
no;-6.15921;1.31674;0;no
no;-6.50197;1.2953;0;no
no;-4.97671;0.34667;0;no
no;-1.78518;-0.282302;0;no
no;-3.34024;-2.3638;0;yes
no;-3.48583;-2.26976;0;no
no;-3.23095;-2.4016;0;no
yes;-6.39883;2.39512;0;no
no;-6.64855;2.25207;0;no
no;-1.77928;-0.499058;0;no
no;-4.96167;0.594864;0;no
yes;-3.42944;-1.19603;0;yes
no;-3.76048;-1.01599;0;no
no;-3.40171;-1.20538;0;no
no;-6.17363;1.23987;0;no
no;-6.52294;1.21167;0;no
no;-4.99345;0.345978;0;no
no;-1.80092;-0.284512;0;no
no;-0.49196;2.16041;0;yes
no;-3.45253;-2.33355;0;no
no;-3.19589;-2.44748;0;no
yes;-6.37432;2.44092;0;no
no;-6.62563;2.30877;0;no
no;-1.75005;-0.437027;0;no
no;-4.93315;0.536724;0;no
yes;-3.35736;-1.05968;0;yes
no;-3.64999;-0.947633;0;no
no;-3.2835;-1.07393;0;no
no;-6.05659;1.05711;0;no
no;-6.41305;1.0757;0;no
no;-4.88054;0.181564;0;no
no;-1.6866;-0.125342;0;no
no;-1.33672;0.575835;0;yes
no;-3.46347;-2.35515;0;no
no;-3.20493;-2.47767;0;no
yes;-6.395;2.46714;0;no
no;-6.64813;2.31915;0;no
no;-1.76587;-0.481235;0;no
no;-4.94903;0.582033;0;no
yes;-3.24565;-1.03132;0;yes
no;-3.49493;-0.972871;0;no
no;-3.12182;-1.03673;0;no
no;-5.893;0.958991;0;no
no;-6.25572;1.03654;0;no
no;-4.72141;0.009358;0;no
no;-1.52711;0.045288;0;no
no;-2.65855;-2.21475;0;yes
no;-3.45343;-2.38028;0;no
no;-3.1929;-2.4976;0;no
yes;-6.39354;2.48568;0;no
no;-6.64843;2.33593;0;no
no;-1.75954;-0.46923;0;no
no;-4.94385;0.573702;0;no
yes;-3.22499;-0.922967;0;yes
no;-3.43739;-0.88596;0;no
no;-3.05594;-0.92279;0;no
no;-5.82582;0.830992;0;no
no;-6.19614;0.922679;0;no
no;-4.66013;-0.048378;0;no
no;-1.46385;0.098859;0;no
no;-2.88959;-2.41403;0;yes
no;-3.45415;-2.37199;0;no
no;-3.19143;-2.48967;0;no
yes;-6.40323;2.47482;0;no
no;-6.66022;2.31767;0;no
no;-1.76476;-0.480492;0;no
no;-4.94911;0.584585;0;no
yes;-3.19246;-0.869162;0;yes
no;-3.41314;-0.838398;0;no
no;-3.02353;-0.86423;0;no
no;-5.79267;0.767672;0;no
no;-6.17064;0.864782;0;no
no;-4.63184;-0.070022;0;no
no;-1.4349;0.117908;0;no
no;-2.97051;-2.4344;0;yes
no;-3.4605;-2.3459;0;no
no;-3.19547;-2.46688;0;no
yes;-6.41816;2.448;0;no
no;-6.67744;2.28094;0;no
no;-1.77574;-0.502777;0;no
no;-4.95946;0.604197;0;no
yes;-3.16227;-0.870445;0;yes
no;-3.38466;-0.845037;0;no
no;-2.98755;-0.860321;0;no
no;-5.75446;0.751746;0;no
no;-6.13966;0.861679;0;no
no;-4.59835;-0.099075;0;no
no;-1.4017;0.146517;0;no
no;-2.99159;-2.45049;0;yes
no;-3.48155;-2.33649;0;no
no;-3.21431;-2.47177;0;no
yes;-6.44942;2.44415;0;no
no;-6.71082;2.25515;0;no
no;-1.80194;-0.567763;0;no
no;-4.98565;0.66883;0;no
yes;-3.17326;-0.82491;0;yes
no;-3.44046;-0.788737;0;no
no;-3.03451;-0.820597;0;no
no;-5.80179;0.731526;0;no
no;-6.19528;0.822137;0;no
no;-4.6504;-0.051126;0;no
no;-1.45303;0.096972;0;no
no;-3.00664;-2.45234;0;yes
no;-3.4911;-2.32522;0;no
no;-3.22159;-2.46693;0;no
yes;-6.46941;2.43205;0;no
no;-6.73299;2.22867;0;no
no;-1.8168;-0.602694;0;no
no;-5.00043;0.703039;0;no
yes;-3.19515;-0.804842;0;yes
no;-3.50178;-0.754278;0;no
no;-3.08689;-0.804793;0;no
no;-5.85512;0.733273;0;no
no;-6.25704;0.805723;0;no
no;-4.70812;-0.003438;0;no
no;-1.51023;0.04879;0;no
no;-3.01371;-2.48068;0;yes
no;-3.48675;-2.35359;0;no
no;-3.21521;-2.49432;0;no
yes;-6.4752;2.45513;0;no
no;-6.74072;2.24385;0;no
no;-1.81754;-0.610877;0;no
no;-5.00121;0.712374;0;no
yes;-3.08928;-0.787387;0;yes
no;-3.40887;-0.76047;0;no
no;-2.98491;-0.778807;0;no
no;-5.75022;0.679109;0;no
no;-6.16062;0.782551;0;no
no;-4.60947;-0.081002;0;no
no;-1.41101;0.125451;0;no
no;-2.99569;-2.45413;0;yes
no;-3.45831;-2.35711;0;no
no;-3.18447;-2.47821;0;no
yes;-6.45535;2.44381;0;no
no;-6.72313;2.24429;0;no
no;-1.79359;-0.548065;0;no
no;-4.97695;0.64862;0;no
yes;-3.06122;-0.832027;0;yes
no;-3.39968;-0.807075;0;no
no;-2.96724;-0.822066;0;no
no;-5.73095;0.710642;0;no
no;-6.14929;0.82725;0;no
no;-4.59549;-0.09736;0;no
no;-1.39655;0.144709;0;no
no;-2.97157;-2.38282;0;yes
no;-3.44378;-2.30813;0;no
no;-3.1671;-2.41689;0;no
yes;-6.44934;2.38439;0;no
no;-6.71983;2.19084;0;no
no;-1.78334;-0.510011;0;no
no;-4.96671;0.608253;0;no
yes;-3.18588;-0.854208;0;yes
no;-3.58206;-0.773435;0;no
no;-3.13978;-0.855045;0;no
no;-5.90664;0.795144;0;no
no;-6.33415;0.853936;0;no
no;-4.77528;0.053736;0;no
no;-1.57532;-0.003866;0;no
no;-2.89817;-2.28831;0;yes
no;-3.3506;-2.30651;0;no
no;-3.0712;-2.35198;0;no
yes;-6.36083;2.35072;0;no
no;-6.63392;2.21428;0;no
no;-1.69252;-0.286305;0;no
no;-4.87585;0.383698;0;no
yes;-3.16482;-0.826738;0;yes
no;-3.59339;-0.743989;0;no
no;-3.14043;-0.826961;0;no
no;-5.90688;0.769099;0;no
no;-6.34434;0.825416;0;no
no;-4.78152;0.057125;0;no
no;-1.5808;-0.008269;0;no
no;-2.82706;-2.17351;0;yes
no;-3.27011;-2.2668;0;no
no;-2.98755;-2.25858;0;no
yes;-6.28351;2.28565;0;no
no;-6.55964;2.19886;0;no
no;-1.61363;-0.097876;0;no
no;-4.79692;0.192986;0;no
yes;-3.11206;-0.873781;0;yes
no;-3.56839;-0.795745;0;no
no;-3.10585;-0.873604;0;no
no;-5.87064;0.800821;0;no
no;-6.31696;0.873663;0;no
no;-4.75131;0.034016;0;no
no;-1.54979;0.018361;0;no
no;-2.81501;-2.17364;0;yes
no;-3.2499;-2.2815;0;no
no;-2.96479;-2.25917;0;no
yes;-6.26892;2.29471;0;no
no;-6.5475;2.21525;0;no
no;-1.59629;-0.058502;0;no
no;-4.7795;0.153904;0;no
yes;-3.03046;-0.87882;0;yes
no;-3.5055;-0.826365;0;no
no;-3.03247;-0.879015;0;no
no;-5.79409;0.780602;0;no
no;-6.25019;0.883794;0;no
no;-4.68175;-0.027085;0;no
no;-1.47977;0.08038;0;no
no;-2.83104;-2.23448;0;yes
no;-3.26841;-2.32789;0;no
no;-2.9812;-2.31661;0;no
yes;-6.29482;2.34657;0;no
no;-6.57544;2.24722;0;no
no;-1.61861;-0.112162;0;no
no;-4.80166;0.209223;0;no
yes;-3.01934;-0.803076;0;yes
no;-3.54174;-0.745197;0;no
no;-3.05556;-0.806122;0;no
no;-5.8156;0.722262;0;no
no;-6.28394;0.809114;0;no
no;-4.71094;-0.001177;0;no
no;-1.50834;0.050503;0;no
no;-2.89129;-2.27056;0;yes
no;-3.34769;-2.29399;0;no
no;-3.05776;-2.33536;0;no
yes;-6.38348;2.33181;0;no
no;-6.66672;2.17332;0;no
no;-1.70267;-0.308174;0;no
no;-4.8856;0.403902;0;no
yes;-2.93019;-0.777925;0;yes
no;-3.47435;-0.751995;0;no
no;-2.97597;-0.784751;0;no
no;-5.73019;0.677054;0;no
no;-6.20976;0.793495;0;no
no;-4.63467;-0.061772;0;no
no;-1.43141;0.110544;0;no
no;-2.84273;-2.25393;0;yes
no;-3.29718;-2.32999;0;no
no;-3.00475;-2.33643;0;no
yes;-6.33729;2.35502;0;no
no;-6.62295;2.22365;0;no
no;-1.65444;-0.197034;0;no
no;-4.83715;0.293477;0;no
yes;-2.87958;-0.71999;0;yes
no;-3.4602;-0.707917;0;no
no;-2.94785;-0.731485;0;no
no;-5.69664;0.620837;0;no
no;-6.18915;0.742138;0;no
no;-4.61086;-0.075556;0;no
no;-1.40712;0.121463;0;no
no;-2.82584;-2.22198;0;yes
no;-3.2809;-2.3149;0;no
no;-2.98556;-2.30914;0;no
yes;-6.32731;2.33527;0;no
no;-6.61578;2.20945;0;no
no;-1.64139;-0.164888;0;no
no;-4.82404;0.260439;0;no
yes;-2.69253;-0.675779;0;yes
no;-3.27813;-0.743171;0;no
no;-2.75228;-0.694018;0;no
no;-5.49199;0.527356;0;no
no;-5.99712;0.719668;0;no
no;-4.41693;-0.218427;0;no
no;-1.2135;0.262361;0;no
no;-2.78536;-2.16093;0;yes
no;-3.23757;-2.29507;0;no
no;-2.93908;-2.25856;0;no
yes;-6.2878;2.30566;0;no
no;-0.29613;2.20532;0;no
no;-1.60013;-0.067634;0;no
no;-4.78252;0.161559;0;no
yes;-2.69487;-0.621318;0;yes
no;-3.31078;-0.679087;0;no
no;-2.76906;-0.641668;0;no
no;-5.50259;0.489477;0;no
no;-6.02266;0.665675;0;no
no;-4.43806;-0.186631;0;no
no;-1.23505;0.226981;0;no
no;-2.79162;-2.17477;-0.14924;yes
no;-3.23486;-2.30505;-0.16184;no
no;-2.93356;-2.26519;-0.156652;no
yes;-6.28896;2.31507;0.16184;no
no;-0.300034;2.21169;0.156938;no
no;-1.59954;-0.066537;0.003364;no
no;-4.78159;0.160087;0.00319;no
yes;-2.60059;-0.62103;-0.160919;yes
no;-3.21358;-0.722617;-0.142343;no
no;-2.6576;-0.641281;-0.16172;no
no;-5.37863;0.447764;0.143775;no
no;-5.91202;0.675158;0.161754;no
no;-4.3267;-0.272556;0.00648;no
no;-1.12414;0.312949;0.003394;no
no;-2.75266;-2.11695;-0.149788;yes
no;-3.18693;-2.28547;-0.161841;no
no;-2.88222;-2.2113;-0.156503;no
yes;-6.24104;2.28579;0.161839;no
no;-0.255414;2.2136;0.156811;no
no;-1.55176;0.043556;0.003368;no
no;-4.7335;0.048297;0.003136;no
yes;-2.3876;-0.566859;-0.161333;yes
no;-2.99354;-0.769116;-0.14094;no
no;-2.4222;-0.584932;-0.161743;no
no;-5.12362;0.310844;0.142475;no
no;-5.67135;0.63656;0.161778;no
no;-4.08789;-0.454666;0.006331;no
no;-0.886158;0.491763;0.00341;no
no;-2.82069;-2.11535;-0.22138;yes
no;-3.25821;-2.21401;-0.239796;no
no;-2.94978;-2.18827;-0.231469;no
yes;-6.31738;2.22785;0.239792;no
no;-0.335165;2.10511;0.231957;no
no;-1.62519;-0.12118;0.005085;no
no;-4.80772;0.212197;0.004742;no
yes;-2.4062;-0.558092;-0.239264;yes
no;-3.01677;-0.746725;-0.20679;no
no;-2.42826;-0.56909;-0.239619;no
no;-5.11488;0.294793;0.20932;no
no;-5.67802;0.618929;0.239674;no
no;-4.09492;-0.435727;0.009518;no
no;-0.892205;0.472393;0.005147;no
no;-2.83004;-2.08973;-0.221876;yes
no;-3.26161;-2.17963;-0.239801;no
no;-2.94956;-2.15507;-0.231202;no
yes;-6.32188;2.19378;0.239798;no
no;-0.343171;2.06742;0.231706;no
no;-1.62927;-0.1283;0.005054;no
no;-4.81156;0.217359;0.004712;no
yes;-2.43489;-0.552421;-0.239444;yes
no;-3.05304;-0.723543;-0.204576;no
no;-2.4469;-0.55805;-0.239623;no
no;-5.11648;0.285602;0.207322;no
no;-5.69604;0.604739;0.239678;no
no;-4.11277;-0.409922;0.009395;no
no;-0.910697;0.445418;0.005118;no
no;-2.80314;-2.06678;-0.223485;yes
no;-3.2179;-2.1847;-0.23979;no
no;-2.9024;-2.1287;-0.231055;no
yes;-6.27587;2.19102;0.239786;no
no;-0.300502;2.09289;0.231567;no
no;-1.58453;-0.030094;0.005021;no
no;-4.76654;0.118593;0.004678;no
yes;-2.61334;-0.56189;-0.239458;yes
no;-3.2476;-0.646916;-0.202419;no
no;-2.62199;-0.564705;-0.239588;no
no;-5.27828;0.348814;0.205386;no
no;-5.87594;0.597362;0.239649;no
no;-4.29015;-0.266608;0.00934;no
no;-1.08844;0.301777;0.005084;no
no;-6.2745;2.18504;0.319879;yes
no;-3.20327;-2.18097;-0.319706;no
no;-2.88421;-2.11314;-0.307873;no
yes;-6.25915;2.18449;0.319706;no
no;-0.287211;2.09561;0.308541;no
no;-1.56896;0.004016;0.0066;no
no;-4.75074;0.083773;0.006258;no
yes;-2.59913;-0.509793;-0.319427;yes
no;-3.24712;-0.591935;-0.266231;no
no;-2.60038;-0.510177;-0.319451;no
no;-5.23752;0.298414;0.270603;no
no;-5.85489;0.541481;0.319528;no
no;-4.26828;-0.255747;0.012321;no
no;-1.06735;0.287173;0.006663;no
no;-0.534349;1.87165;0.369261;yes
no;-3.31072;-2.14379;-0.40166;no
no;-2.98816;-2.14927;-0.386188;no
yes;-6.37037;2.16656;0.401666;no
no;-0.401819;2.0016;0.387021;no
no;-1.67846;-0.233687;0.008166;no
no;-4.85997;0.319793;0.00788;no
yes;-2.6072;-0.483556;-0.401615;yes
no;-3.26116;-0.557884;-0.329465;no
no;-2.59289;-0.479409;-0.401322;no
no;-5.20923;0.26783;0.335515;no
no;-5.84672;0.509218;0.401412;no
no;-4.25983;-0.2457;0.015281;no
no;-1.05977;0.27481;0.00822;no
no;-2.12316;-1.12673;-0.18658;yes
no;-3.33758;-2.10626;-0.481588;no
no;-3.01113;-2.12912;-0.462505;no
yes;-6.39665;2.13356;0.481581;no
no;-0.431872;1.9502;0.463623;no
no;-1.70519;-0.287723;0.009876;no
no;-4.88633;0.371639;0.009186;no
yes;-2.64626;-0.495302;-0.481766;yes
no;-3.30944;-0.555053;-0.388792;no
no;-2.62012;-0.488138;-0.481213;no
no;-5.21394;0.270665;0.396516;no
no;-5.87088;0.515788;0.481338;no
no;-4.28512;-0.233288;0.017947;no
no;-1.08552;0.262597;0.010005;no
no;-2.89258;-2.07377;-0.447432;yes
no;-3.31578;-2.10739;-0.481566;no
no;-2.98561;-2.11379;-0.462147;no
yes;-6.37235;2.13126;0.481553;no
no;-0.411174;1.96142;0.463332;no
no;-1.68227;-0.238028;0.009889;no
no;-4.8631;0.321272;0.009024;no
yes;-2.80007;-0.511892;-0.481845;yes
no;-3.47942;-0.512561;-0.382405;no
no;-2.7669;-0.505576;-0.481182;no
no;-5.34096;0.319437;0.390712;no
no;-6.01935;0.524469;0.481323;no
no;-4.43255;-0.150052;0.017727;no
no;-1.23331;0.179883;0.010051;no
no;-2.9951;-2.12759;-0.463224;yes
no;-3.31811;-2.11721;-0.481549;no
no;-2.98455;-2.12416;-0.461794;no
yes;-6.37303;2.14195;0.481535;no
no;-0.415401;1.96773;0.46297;no
no;-1.68454;-0.244085;0.009525;no
no;-4.86384;0.324471;0.008651;no
yes;-2.79768;-0.476945;-0.481899;yes
no;-3.49709;-0.474934;-0.374949;no
no;-2.76035;-0.470237;-0.481204;no
no;-5.30928;0.284752;0.383724;no
no;-6.01125;0.487995;0.481342;no
no;-4.42353;-0.144312;0.016916;no
no;-1.22673;0.170886;0.009688;no
no;-3.00228;-2.09727;-0.452502;yes
no;-3.3955;-2.04989;-0.481578;no
no;-3.0577;-2.11035;-0.461003;no
yes;-6.4536;2.08712;0.481571;no
no;-0.500036;1.8585;0.462182;no
no;-1.76357;-0.405723;0.009423;no
no;-4.94281;0.483673;0.008723;no
yes;-2.98975;-0.480341;-0.481794;yes
no;-3.72208;-0.406334;-0.367567;no
no;-2.95801;-0.477766;-0.48111;no
no;-5.48827;0.340321;0.377223;no
no;-6.2155;0.484819;0.481258;no
no;-4.62453;-0.042641;0.016929;no
no;-1.42798;0.069164;0.009554;no
no;-3.00906;-2.0554;-0.374364;yes
no;-3.42301;-1.99202;-0.401663;no
no;-3.08075;-2.06975;-0.383894;no
yes;-6.48264;2.03247;0.401663;no
no;-0.53337;1.78556;0.384874;no
no;-1.79194;-0.454836;0.00775;no
no;-4.971;0.530303;0.007311;no
yes;-3.04163;-0.479654;-0.401787;yes
no;-3.80357;-0.380239;-0.299734;no
no;-3.01167;-0.477998;-0.401214;no
no;-5.52004;0.34837;0.30856;no
no;-6.27312;0.482036;0.40134;no
no;-4.67994;-0.015638;0.014038;no
no;-1.48394;0.041819;0.007833;no
no;-2.9883;-1.93143;-0.373828;yes
no;-3.4068;-1.88602;-0.401648;no
no;-3.05881;-1.94765;-0.383316;no
yes;-6.46399;1.92249;0.401637;no
no;-0.519962;1.69606;0.384441;no
no;-1.77401;-0.394413;0.008078;no
no;-4.95399;0.467588;0.007353;no
yes;-3.03499;-0.478646;-0.401788;yes
no;-3.8249;-0.373305;-0.292098;no
no;-3.00329;-0.476783;-0.401173;no
no;-5.48777;0.33696;0.301882;no
no;-6.26688;0.481315;0.401329;no
no;-4.67383;-0.018557;0.014291;no
no;-1.47624;0.045449;0.008216;no
no;-3.03637;-1.97665;-0.371158;yes
no;-3.47064;-1.88101;-0.401679;no
no;-3.11872;-1.98713;-0.382603;no
yes;-6.53124;1.92681;0.401663;no
no;-0.591022;1.65048;0.38381;no
no;-1.83971;-0.528089;0.008092;no
no;-5.0194;0.600692;0.007222;no
yes;-3.32873;-0.512492;-0.401464;yes
no;-4.1633;-0.272229;-0.284961;no
no;-3.3082;-0.514376;-0.400954;no
no;-5.77689;0.456163;0.295484;no
no;-6.5866;0.497773;0.401161;no
no;-4.9867;0.141291;0.014277;no
no;-1.78904;-0.112933;0.008258;no
no;-3.03893;-1.92754;-0.298287;yes
no;-3.44918;-1.84679;-0.319747;no
no;-3.09258;-1.93541;-0.304071;no
yes;-6.51025;1.888;0.319734;no
no;-0.574677;1.62647;0.305053;no
no;-1.81891;-0.47586;0.006308;no
no;-4.9978;0.545574;0.005626;no
yes;-3.36198;-0.479267;-0.319553;yes
no;-4.22674;-0.229257;-0.220195;no
no;-3.33574;-0.48192;-0.318999;no
no;-5.78393;0.431198;0.229176;no
no;-6.62722;0.462366;0.319198;no
no;-5.02049;0.148942;0.011156;no
no;-1.82391;-0.12299;0.00644;no
no;-3.0296;-1.89909;-0.378069;yes
no;-3.41678;-1.83916;-0.401673;no
no;-3.05557;-1.904;-0.38149;no
yes;-6.47661;1.87543;0.401656;no
no;-0.545463;1.63374;0.382757;no
no;-1.78597;-0.408043;0.007888;no
no;-4.96467;0.477032;0.00703;no
yes;-3.32351;-0.466078;-0.401457;yes
no;-4.21902;-0.224434;-0.267274;no
no;-3.29228;-0.468528;-0.400608;no
no;-5.71531;0.399517;0.279551;no
no;-6.59141;0.451564;0.400892;no
no;-4.98098;0.12576;0.013926;no
no;-1.78471;-0.1006;0.008053;no
no;-3.02089;-1.89386;-0.382851;yes
no;-3.37227;-1.85721;-0.401655;no
no;-3.00664;-1.89039;-0.381066;no
yes;-6.43029;1.88713;0.401644;no
no;-0.503378;1.6711;0.382322;no
no;-1.7406;-0.322393;0.007792;no
no;-4.91919;0.391708;0.007077;no
yes;-3.26098;-0.449835;-0.401628;yes
no;-4.18153;-0.229371;-0.256908;no
no;-3.2171;-0.451769;-0.400482;no
no;-5.6124;0.354896;0.270341;no
no;-6.5232;0.440072;0.400791;no
no;-4.9093;0.088639;0.013856;no
no;-1.71351;-0.064438;0.00793;no
no;-3.11639;-1.98645;-0.379035;yes
no;-3.49436;-1.86472;-0.401705;no
no;-3.12493;-1.98681;-0.380164;no
yes;-6.55829;1.91236;0.401689;no
no;-0.635077;1.59966;0.381513;no
no;-1.86581;-0.577751;0.007812;no
no;-5.04412;0.647153;0.006947;no
yes;-3.26014;-0.44988;-0.401634;yes
no;-4.21588;-0.215819;-0.24576;no
no;-3.2117;-0.451947;-0.400332;no
no;-5.57782;0.344948;0.26026;no
no;-6.52501;0.439878;0.400696;no
no;-4.90775;0.087949;0.013711;no
no;-1.71219;-0.063848;0.00798;no
no;-3.13076;-2.05361;-0.379031;yes
no;-3.50693;-1.91818;-0.401733;no
no;-3.13405;-2.05367;-0.37947;no
yes;-6.57482;1.96701;0.401722;no
no;-0.654904;1.62882;0.38082;no
no;-1.88041;-0.625759;0.00773;no
no;-5.05867;0.697047;0.00701;no
yes;-3.25937;-0.449921;-0.401642;yes
no;-4.25114;-0.201642;-0.23399;no
no;-3.20437;-0.452167;-0.400102;no
no;-5.54289;0.334481;0.249791;no
no;-6.52904;0.439436;0.40052;no
no;-4.90648;0.087383;0.013695;no
no;-1.71123;-0.063416;0.007871;no
no;-3.14748;-2.06183;-0.377418;yes
no;-3.53357;-1.90548;-0.40176;no
no;-3.15629;-2.06164;-0.378622;no
yes;-6.60526;1.95584;0.40175;no
no;-0.689576;1.59076;0.380026;no
no;-1.90905;-0.684211;0.0077;no
no;-5.08716;0.754763;0.006979;no
no;-3.05948;-1.99897;-0.460912;yes
no;-3.39401;-1.94217;-0.481653;no
no;-3.01198;-1.9889;-0.453698;no
yes;-6.45925;1.97472;0.481634;no
no;-0.54811;1.71191;0.455459;no
no;-1.7663;-0.389628;0.009275;no
no;-4.94423;0.460851;0.008239;no
no;-3.09024;-2.03083;-0.457761;yes
no;-3.44462;-1.94086;-0.481684;no
no;-3.05834;-2.02647;-0.452715;no
yes;-6.51329;1.97991;0.481665;no
no;-0.606228;1.67115;0.454542;no
no;-1.8187;-0.498962;0.00925;no
no;-4.99652;0.570044;0.008213;no
no;-3.09818;-2.05385;-0.38216;yes
no;-3.44884;-1.95952;-0.401752;no
no;-3.05834;-2.04867;-0.376889;no
yes;-6.51903;1.99888;0.401737;no
no;-0.615993;1.67794;0.37846;no
no;-1.82372;-0.514429;0.007699;no
no;-5.00147;0.58604;0.006834;no
no;-3.07862;-2.03799;-0.383142;yes
no;-3.42152;-1.96256;-0.401749;no
no;-3.02629;-2.02848;-0.376254;no
yes;-6.49163;1.99784;0.401739;no
no;-0.593096;1.69329;0.377826;no
no;-1.79638;-0.456746;0.00762;no
no;-4.9741;0.528334;0.006902;no
no;-3.11865;-2.1063;-0.383319;yes
no;-3.45819;-2.00215;-0.401775;no
no;-3.05923;-2.09971;-0.37545;no
yes;-6.53171;2.04213;0.40176;no
no;-0.636759;1.69397;0.377122;no
no;-1.83482;-0.549818;0.007671;no
no;-5.01244;0.62271;0.006809;no
no;-3.05543;-2.05953;-0.306716;yes
no;-3.38035;-2.00856;-0.319795;no
no;-2.9762;-2.03899;-0.298532;no
yes;-6.44904;2.03883;0.319779;no
no;-0.559028;1.75251;0.29993;no
no;-1.75457;-0.377771;0.006145;no
no;-4.93207;0.450485;0.005344;no
no;-3.12824;-2.08832;-0.229423;yes
no;-3.45959;-1.98379;-0.239864;no
no;-3.05049;-2.07984;-0.223257;no
yes;-6.53304;2.02365;0.239853;no
no;-0.6471;1.66628;0.224402;no
no;-1.83513;-0.545649;0.004866;no
no;-5.01476;0.62192;0.004263;no
no;-3.08485;-2.01381;-0.229941;yes
no;-3.41015;-1.94475;-0.239853;no
no;-2.99516;-1.99547;-0.22286;no
yes;-6.48086;1.97777;0.239842;no
no;-0.600603;1.66406;0.22403;no
no;-1.78451;-0.427803;0.004812;no
no;-4.9637;0.501598;0.004211;no
no;-3.06015;-1.95327;-0.231743;yes
no;-3.3598;-1.91329;-0.239837;no
no;-2.94208;-1.92089;-0.222778;no
yes;-6.42771;1.93933;0.239833;no
no;-0.556349;1.66421;0.223342;no
no;-1.74292;-0.335649;0.002277;no
no;-4.90242;0.370177;0.002022;no
no;-3.08785;-1.8876;-0.230586;yes
no;-3.40544;-1.82492;-0.239837;no
no;-2.97775;-1.86502;-0.221876;no
yes;-6.47226;1.85665;0.239823;no
no;-0.604311;1.55554;0.223138;no
no;-1.7783;-0.389441;0.004739;no
no;-4.95653;0.456945;0.004055;no
no;-3.10711;-1.8936;-0.2308;yes
no;-3.42124;-1.82112;-0.239839;no
no;-2.98799;-1.87242;-0.221344;no
yes;-6.48848;1.85494;0.239825;no
no;-0.625866;1.53559;0.222645;no
no;-1.7944;-0.420153;0.004717;no
no;-4.97246;0.487225;0.004033;no
no;-3.07001;-1.88454;-0.231326;yes
no;-3.37764;-1.83698;-0.239825;no
no;-2.93859;-1.85058;-0.220953;no
yes;-6.44175;1.86567;0.239811;no
no;-0.584704;1.5755;0.222282;no
no;-1.74937;-0.335608;0.004677;no
no;-4.92709;0.402541;0.003992;no
no;-3.2023;-1.96255;-0.230528;yes
no;-3.51731;-1.82902;-0.239866;no
no;-3.07351;-1.96162;-0.220045;no
yes;-6.59094;1.87379;0.239852;no
no;-0.73838;1.4541;0.221442;no
no;-1.89383;-0.624157;0.004687;no
no;-5.07164;0.691259;0.004005;no
no;-6.51754;1.89172;0.239858;yes
no;-3.44415;-1.85654;-0.239859;no
no;-2.998;-1.92487;-0.219906;no
yes;-6.51684;1.89204;0.239852;no
no;-0.672944;1.52088;0.220636;no
no;-1.82939;-0.497356;0.002379;no
no;-4.98941;0.53191;0.002043;no
no;-6.62155;1.85983;0.239425;yes
no;-3.44507;-1.88152;-0.239857;no
no;-2.99;-1.94901;-0.219055;no
yes;-6.51664;1.91814;0.239844;no
no;-0.674853;1.53944;0.220527;no
no;-1.82072;-0.487634;0.004643;no
no;-4.99816;0.555803;0.003961;no
no;-6.54524;1.79964;0.239416;yes
no;-3.37156;-1.8142;-0.239829;no
no;-2.9083;-1.81278;-0.218579;no
yes;-6.43654;1.84139;0.239815;no
no;-0.602559;1.53511;0.220092;no
no;-1.74397;-0.321055;0.004615;no
no;-4.92118;0.386206;0.003933;no
no;-3.63089;-1.61965;-0.150472;yes
no;-3.29287;-1.81401;-0.161856;no
no;-2.82235;-1.74225;-0.147309;no
yes;-6.35026;1.83084;0.161847;no
no;-0.523314;1.58938;0.148344;no
no;-1.66168;-0.166535;0.003073;no
no;-4.83837;0.230559;0.002613;no
no;-3.31031;-1.7741;-0.239094;yes
no;-3.26807;-1.78528;-0.239759;no
no;-2.78973;-1.6894;-0.217773;no
yes;-6.31926;1.79849;0.239746;no
no;-0.499745;1.57957;0.219349;no
no;-1.63381;-0.11332;0.00453;no
no;-4.81032;0.175951;0.003849;no
no;-3.19885;-1.83194;-0.239994;yes
no;-3.25184;-1.82381;-0.23973;no
no;-2.771;-1.71038;-0.217784;no
yes;-6.29879;1.83472;0.239728;no
no;-0.489058;1.61985;0.218547;no
no;-1.62473;-0.09891;0.002187;no
no;-4.78348;0.130348;0.001933;no
no;-3.22513;-1.81144;-0.316194;yes
no;-3.42368;-1.74594;-0.319688;no
no;-2.93161;-1.77785;-0.288433;no
yes;-6.47574;1.78418;0.31967;no
no;-0.669363;1.42553;0.290677;no
no;-1.79006;-0.395394;0.00597;no
no;-4.96613;0.456311;0.005061;no
no;-3.21888;-1.75312;-0.39709;yes
no;-3.4212;-1.69008;-0.401578;no
no;-2.92041;-1.71554;-0.361114;no
yes;-6.46958;1.72791;0.40155;no
no;-0.671633;1.37647;0.364071;no
no;-1.78596;-0.375416;0.007471;no
no;-4.96152;0.433544;0.006184;no
no;-3.2497;-1.79723;-0.307346;yes
no;-3.57281;-1.6423;-0.319731;no
no;-3.06508;-1.8025;-0.285769;no
yes;-6.63085;1.69963;0.319709;no
no;-0.839572;1.20721;0.288238;no
no;-1.94259;-0.656738;0.00591;no
no;-5.11792;0.713184;0.004887;no
no;-3.24983;-1.82828;-0.303541;yes
no;-3.61036;-1.64066;-0.319764;no
no;-3.0953;-1.83707;-0.284332;no
yes;-6.67313;1.70099;0.319738;no
no;-0.888349;1.15988;0.287021;no
no;-1.98204;-0.735163;0.006115;no
no;-5.1583;0.793136;0.004976;no
no;-3.18118;-1.73855;-0.311612;yes
no;-3.45325;-1.6561;-0.319709;no
no;-2.93347;-1.70237;-0.284254;no
yes;-6.50873;1.69585;0.319697;no
no;-0.736634;1.28882;0.285652;no
no;-1.83023;-0.446344;0.003079;no
no;-4.98931;0.475688;0.002518;no
no;-3.15894;-1.73007;-0.387931;yes
no;-3.46781;-1.63908;-0.40162;no
no;-2.93522;-1.69362;-0.354875;no
yes;-6.5209;1.68168;0.401594;no
no;-0.75298;1.26255;0.358358;no
no;-1.83498;-0.45182;0.007441;no
no;-5.0104;0.508056;0.006158;no
no;-3.1343;-1.73418;-0.389717;yes
no;-3.42768;-1.66373;-0.401584;no
no;-2.8869;-1.67828;-0.3537;no
yes;-6.47649;1.70192;0.401552;no
no;-0.716455;1.30784;0.35733;no
no;-1.79285;-0.381926;0.007438;no
no;-4.9679;0.438305;0.006012;no
no;-3.10722;-1.74252;-0.391785;yes
no;-3.38178;-1.6935;-0.401525;no
no;-2.83268;-1.66102;-0.352699;no
yes;-6.42451;1.72617;0.401493;no
no;-0.672557;1.36386;0.356386;no
no;-1.74412;-0.300683;0.007328;no
no;-4.91862;0.357025;0.005899;no
no;-3.06092;-1.7364;-0.393686;yes
no;-3.31791;-1.71506;-0.401431;no
no;-2.75957;-1.61648;-0.351804;no
yes;-6.35162;1.73799;0.401401;no
no;-0.608208;1.42967;0.355612;no
no;-1.67552;-0.182093;0.007374;no
no;-4.85023;0.239377;0.005943;no
no;-3.09095;-1.70927;-0.394338;yes
no;-3.34077;-1.67763;-0.401409;no
no;-2.77804;-1.5996;-0.351144;no
yes;-6.37314;1.70454;0.401393;no
no;-0.643573;1.3691;0.353047;no
no;-1.70695;-0.232306;0.003521;no
no;-4.8643;0.258995;0.002813;no
no;-3.10841;-1.72136;-0.39287;yes
no;-3.37827;-1.67429;-0.401363;no
no;-2.8012;-1.62349;-0.348713;no
yes;-6.40536;1.70947;0.40132;no
no;-0.679593;1.33966;0.352936;no
no;-1.73253;-0.277335;0.007488;no
no;-4.9071;0.333246;0.005772;no
no;-3.17022;-1.78003;-0.468993;yes
no;-3.45783;-1.69246;-0.481271;no
no;-2.87328;-1.71704;-0.41593;no
yes;-6.48756;1.7437;0.48121;no
no;-0.768971;1.2797;0.421236;no
no;-1.81354;-0.428032;0.009008;no
no;-4.98788;0.484396;0.006775;no
no;-3.11242;-1.78837;-0.469524;yes
no;-3.39832;-1.73049;-0.481186;no
no;-2.80498;-1.68872;-0.414545;no
yes;-6.42159;1.77202;0.481116;no
no;-0.711475;1.35508;0.420026;no
no;-1.75094;-0.320561;0.008989;no
no;-4.92485;0.377267;0.006587;no
no;-3.14333;-1.82484;-0.621299;yes
no;-3.4427;-1.74274;-0.638959;no
no;-2.84154;-1.74331;-0.547572;no
yes;-6.46737;1.79398;0.638852;no
no;-0.765035;1.31637;0.555096;no
no;-1.79639;-0.408186;0.011824;no
no;-4.9696;0.464219;0.008414;no
no;-3.05956;-1.78313;-0.624001;yes
no;-3.34536;-1.75214;-0.63878;no
no;-2.73917;-1.64623;-0.547462;no
yes;-6.36202;1.7836;0.638722;no
no;-0.674316;1.39757;0.551456;no
no;-1.70335;-0.236462;0.006068;no
no;-4.86109;0.265063;0.004265;no
no;-2.98882;-1.75846;-0.625627;yes
no;-3.26941;-1.76467;-0.638509;no
no;-2.65292;-1.57094;-0.546211;no
yes;-6.27233;1.77908;0.638414;no
no;-0.595617;1.47281;0.550222;no
no;-1.6213;-0.089811;0.00579;no
no;-4.77747;0.115705;0.00354;no
no;-2.95179;-1.72533;-0.626055;yes
no;-3.2369;-1.74891;-0.638153;no
no;-2.60286;-1.50804;-0.542899;no
yes;-6.22311;1.75371;0.637983;no
no;-0.55238;1.4956;0.551207;no
no;-1.57163;-0.001457;0.011841;no
no;-4.74349;0.054627;0.00753;no
no;-2.94259;-1.70097;-0.626439;yes
no;-3.22897;-1.7286;-0.637944;no
no;-2.58999;-1.47786;-0.542646;no
yes;-6.208;1.73032;0.637828;no
no;-0.553309;1.47631;0.546917;no
no;-1.56896;0.003192;0.005792;no
no;-4.72478;0.021507;0.003317;no
no;-2.95357;-1.71309;-0.706489;yes
no;-3.24616;-1.73429;-0.719398;no
no;-2.59645;-1.49106;-0.609876;no
yes;-6.21523;1.73979;0.719232;no
no;-0.570143;1.46799;0.615334;no
no;-1.58051;-0.016939;0.007168;no
no;-4.73739;0.04359;0.003868;no
no;-3.0569;-1.77605;-0.70378;yes
no;-3.36591;-1.73779;-0.719462;no
no;-2.7088;-1.6181;-0.606591;no
yes;-6.33691;1.77987;0.719287;no
no;-0.700076;1.3632;0.611857;no
no;-1.70202;-0.233232;0.006652;no
no;-4.85747;0.257698;0.003354;no
no;-3.01202;-1.8175;-0.623757;yes
no;-3.32722;-1.80138;-0.637442;no
no;-2.66049;-1.6248;-0.536278;no
yes;-6.28669;1.83285;0.637252;no
no;-0.658413;1.44973;0.541489;no
no;-1.65694;-0.157704;0.006432;no
no;-4.81336;0.184754;0.003055;no
no;-2.98794;-1.86211;-0.623188;yes
no;-3.31124;-1.85726;-0.637199;no
no;-2.63651;-1.64902;-0.534935;no
yes;-6.26196;1.88389;0.636973;no
no;-0.64254;1.50853;0.540028;no
no;-1.63734;-0.125293;0.00609;no
no;-4.79234;0.150498;0.002493;no
no;-2.92378;-1.86554;-0.703635;yes
no;-3.25193;-1.89907;-0.718238;no
no;-2.56633;-1.60316;-0.602548;no
yes;-6.18555;1.90159;0.717959;no
no;-0.575987;1.60241;0.608719;no
no;-1.56892;0.003581;0.007283;no
no;-4.72471;0.023548;0.002968;no
no;-2.8788;-1.85861;-0.704206;yes
no;-3.21216;-1.91989;-0.717567;no
no;-2.51603;-1.56021;-0.601841;no
yes;-6.1276;1.90143;0.717209;no
no;-0.529177;1.66143;0.608051;no
no;-1.52062;0.096523;0.007116;no
no;-4.67526;-0.071448;0.002299;no
no;-2.84054;-1.86323;-0.783336;yes
no;-3.17837;-1.94965;-0.796062;no
no;-2.47056;-1.52797;-0.668143;no
yes;-6.07226;1.90774;0.795637;no
no;-0.484178;1.72672;0.675588;no
no;-1.4753;0.186023;0.008477;no
no;-4.63101;-0.158599;0.002841;no
no;-5.70182;1.61894;0.718317;yes
no;-3.15462;-1.93703;-0.794856;no
no;-2.43453;-1.4728;-0.667935;no
yes;-6.02491;1.87295;0.794394;no
no;-0.449812;1.7445;0.675068;no
no;-1.44037;0.25195;0.007969;no
no;-4.59481;-0.227244;0.002338;no
no;-2.65934;-1.68836;-0.748945;yes
no;-3.17059;-1.9049;-0.793522;no
no;-2.43678;-1.45163;-0.667156;no
yes;-6.01678;1.83847;0.792999;no
no;-0.453916;1.71272;0.675023;no
no;-1.44348;0.241967;0.008679;no
no;-4.59899;-0.215643;0.00248;no
no;-2.5352;-1.54278;-0.676389;yes
no;-3.25513;-1.86544;-0.792664;no
no;-2.51069;-1.5161;-0.665627;no
yes;-6.08681;1.84145;0.792102;no
no;-0.535463;1.61474;0.673196;no
no;-1.52148;0.092556;0.008154;no
no;-4.67568;-0.068898;0.001961;no
no;-2.60804;-1.61345;-0.722142;yes
no;-3.22574;-1.86729;-0.790748;no
no;-2.46696;-1.46341;-0.665913;no
yes;-6.02773;1.81311;0.790169;no
no;-0.489198;1.65413;0.67402;no
no;-1.47643;0.17657;0.008696;no
no;-4.63163;-0.151165;0.002218;no
no;-2.64761;-1.68177;-0.751243;yes
no;-3.18907;-1.90798;-0.788485;no
no;-2.41806;-1.43159;-0.667654;no
yes;-5.95848;1.81031;0.787806;no
no;-0.432925;1.7339;0.675524;no
no;-1.42404;0.279321;0.008366;no
no;-4.57807;-0.255792;0.001611;no
no;-2.66032;-1.71652;-0.767346;yes
no;-3.15806;-1.93622;-0.785571;no
no;-2.37262;-1.39161;-0.66964;no
yes;-5.89042;1.78903;0.784953;no
no;-0.3776;1.80006;0.677848;no
no;-1.37358;0.379428;0.008791;no
no;-4.52867;-0.353767;0.002032;no
no;-2.68348;-1.7075;-0.76995;yes
no;-3.1864;-1.9019;-0.782789;no
no;-2.38693;-1.38693;-0.670756;no
yes;-5.88493;1.75482;0.781998;no
no;-0.386901;1.76309;0.678905;no
no;-1.38559;0.350594;0.008607;no
no;-4.53952;-0.327476;0.00129;no
no;-2.65413;-1.72081;-0.785001;yes
no;-3.10529;-1.94638;-0.778059;no
no;-2.28889;-1.28146;-0.674561;no
yes;-5.75353;1.6808;0.777374;no
no;-0.270541;1.87682;0.682975;no
no;-1.27831;0.561577;0.009025;no
no;-4.43328;-0.536577;0.001704;no
no;-2.65741;-1.69032;-0.711638;yes
no;-3.09572;-1.90784;-0.696095;no
no;-2.26208;-1.21759;-0.609812;no
yes;-5.69659;1.59058;0.695449;no
no;-0.231348;1.85897;0.617063;no
no;-1.24548;0.610403;0.007766;no
no;-4.39947;-0.587932;0.00118;no
no;-2.68535;-1.71998;-0.719772;yes
no;-3.06609;-1.91049;-0.689292;no
no;-2.20343;-1.13284;-0.611524;no
yes;-5.59899;1.48472;0.688344;no
no;-6.42662;1.89627;0.626171;no
no;-1.17079;0.746113;0.016131;no
no;-4.33872;-0.69938;0.002884;no
no;-2.73276;-1.68958;-0.717448;yes
no;-3.16203;-1.84095;-0.686045;no
no;-2.29413;-1.21875;-0.61515;no
yes;-5.66723;1.50294;0.685468;no
no;-6.51806;1.79077;0.622452;no
no;-1.26337;0.557202;0.007905;no
no;-4.41739;-0.53535;0.001067;no
no;-2.71704;-1.69665;-0.720397;yes
no;-3.13018;-1.86183;-0.679089;no
no;-2.24329;-1.15988;-0.619121;no
yes;-5.57772;1.41752;0.678832;no
no;-6.44481;1.83768;0.626731;no
no;-1.20123;0.672557;0.008412;no
no;-4.35665;-0.648488;0.00157;no
no;-2.73648;-1.74476;-0.721652;yes
no;-3.14111;-1.89842;-0.672202;no
no;-2.23967;-1.17722;-0.623725;no
yes;-5.53404;1.39016;0.671803;no
no;-6.41678;1.88151;0.630949;no
no;-1.18552;0.713455;0.0081;no
no;-4.33973;-0.691207;0.001008;no
no;-2.73964;-1.72951;-0.639986;yes
no;-3.13764;-1.87928;-0.588362;no
no;-2.21676;-1.13128;-0.55654;no
yes;-5.4707;1.29238;0.588458;no
no;-6.37027;1.87217;0.563028;no
no;-1.15074;0.7664;0.007451;no
no;-4.30614;-0.74263;0.001388;no
no;-2.77362;-1.74995;-0.639533;yes
no;-3.1688;-1.87481;-0.580838;no
no;-2.23224;-1.15203;-0.560668;no
yes;-5.44399;1.25295;0.580924;no
no;-6.36014;1.86995;0.566755;no
no;-1.15351;0.760105;0.007123;no
no;-4.30789;-0.738112;0.001063;no
no;-2.83252;-1.73321;-0.638936;yes
no;-3.23644;-1.81124;-0.573026;no
no;-2.28107;-1.18634;-0.563543;no
yes;-5.45698;1.23297;0.57362;no
no;-6.38894;1.80925;0.569883;no
no;-1.19225;0.672396;0.007565;no
no;-4.34802;-0.648377;0.001502;no
no;-2.86181;-1.76676;-0.635828;yes
no;-3.24749;-1.82794;-0.561677;no
no;-2.2646;-1.17549;-0.566795;no
yes;-5.39467;1.15913;0.563332;no
no;-6.33085;1.83616;0.578579;no
no;-1.15372;0.74465;0.014753;no
no;-4.32274;-0.698286;0.002797;no
no;-2.86503;-1.75078;-0.478375;yes
no;-3.2672;-1.8056;-0.417129;no
no;-2.27851;-1.18313;-0.431057;no
yes;-5.36298;1.10226;0.418043;no
no;-6.32643;1.81824;0.435584;no
no;-1.15968;0.727309;0.005746;no
no;-4.31564;-0.70326;0.00118;no
no;-2.94759;-1.53259;-0.477887;yes
no;-3.37276;-1.52034;-0.409441;no
no;-2.35481;-1.10289;-0.431433;no
yes;-5.40658;0.999232;0.410416;no
no;-6.40026;1.5512;0.435732;no
no;-1.23505;0.5146;0.005351;no
no;-4.38973;-0.49526;0.000956;no
no;-2.8809;-1.43153;-0.475047;yes
no;-3.30719;-1.46132;-0.398818;no
no;-2.26078;-0.943061;-0.433982;no
yes;-5.26337;0.775651;0.400742;no
no;-6.28136;1.48158;0.438346;no
no;-1.12858;0.634035;0.00556;no
no;-4.28482;-0.614347;0.001502;no
no;-2.89807;-1.46809;-0.394041;yes
no;-3.32829;-1.48643;-0.324934;no
no;-2.26588;-0.968819;-0.364923;no
yes;-5.21683;0.73113;0.32636;no
no;-6.25283;1.51203;0.368281;no
no;-1.11693;0.663238;0.004426;no
no;-4.27178;-0.645158;0.000903;no
no;-2.84988;-1.56174;-0.390192;yes
no;-3.27535;-1.61606;-0.315484;no
no;-2.1983;-0.957384;-0.368907;no
yes;-5.08902;0.599732;0.317707;no
no;-6.13595;1.61298;0.372202;no
no;-1.02447;0.8472;0.00468;no
no;-4.18092;-0.8264;0.001295;no
no;-2.90532;-1.59621;-0.308756;yes
no;-3.3396;-1.60975;-0.244716;no
no;-2.2503;-1.03173;-0.296074;no
yes;-5.08928;0.604243;0.24644;no
no;-6.15126;1.62756;0.298319;no
no;-1.05817;0.805259;0.003352;no
no;-4.213;-0.786247;0.000884;no
no;-3.04324;-1.61875;-0.308093;yes
no;-3.49695;-1.52498;-0.239019;no
no;-2.39242;-1.19108;-0.297507;no
yes;-5.19472;0.754495;0.241323;no
no;-6.26814;1.62642;0.299829;no
no;-1.18754;0.608262;0.003602;no
no;-4.34393;-0.585866;0.001134;no
no;-3.04367;-1.6412;-0.305859;yes
no;-3.50524;-1.54126;-0.231955;no
no;-2.38985;-1.20466;-0.299999;no
yes;-5.13647;0.678575;0.234053;no
no;-6.2236;1.64617;0.302029;no
no;-1.16399;0.652511;0.003357;no
no;-4.31885;-0.632357;0.000889;no
no;-3.05045;-1.60917;-0.303588;yes
no;-3.52394;-1.49919;-0.224058;no
no;-2.39135;-1.18205;-0.301953;no
yes;-5.08752;0.592041;0.226845;no
no;-6.18855;1.60864;0.303939;no
no;-1.14704;0.664423;0.003506;no
no;-4.30319;-0.642919;0.001151;no
no;-3.18872;-1.53246;-0.303135;yes
no;-3.68501;-1.31317;-0.217751;no
no;-2.5337;-1.25932;-0.302845;no
yes;-5.19323;0.709586;0.220412;no
no;-6.31515;1.53338;0.304655;no
no;-1.28171;0.437347;0.003234;no
no;-4.43651;-0.417898;0.000991;no
no;-3.23218;-1.47408;-0.301695;yes
no;-3.74709;-1.21701;-0.210043;no
no;-2.57484;-1.24873;-0.304009;no
yes;-5.19353;0.685;0.213499;no
no;-6.33249;1.47835;0.305841;no
no;-1.31088;0.380401;0.003404;no
no;-4.46709;-0.359455;0.001273;no
no;-3.21099;-1.4838;-0.299652;yes
no;-3.73848;-1.23019;-0.202399;no
no;-2.5562;-1.23972;-0.306059;no
yes;-5.12095;0.590919;0.205585;no
no;-6.27338;1.48731;0.307596;no
no;-1.27201;0.437824;0.003088;no
no;-4.4266;-0.419314;0.00107;no
no;-3.19565;-1.49586;-0.297478;yes
no;-3.73758;-1.23978;-0.194029;no
no;-2.54279;-1.23741;-0.307937;no
yes;-5.05674;0.505714;0.198139;no
no;-6.21769;1.49484;0.30942;no
no;-4.40337;-0.455595;0.004588;no
no;-1.23713;0.490626;0.003299;no
no;-3.18744;-1.50429;-0.22159;yes
no;-3.7427;-1.24191;-0.139706;no
no;-2.54138;-1.24267;-0.232427;no
yes;-4.99954;0.42649;0.142461;no
no;-6.17132;1.49646;0.233317;no
no;-4.3756;-0.497633;0.002778;no
no;-1.21323;0.527053;0.002208;no
no;-3.19241;-1.5212;-0.22011;yes
no;-3.76302;-1.23841;-0.133567;no
no;-2.55405;-1.26774;-0.233766;no
yes;-4.96077;0.374448;0.137002;no
no;-6.13683;1.50688;0.234584;no
no;-4.36601;-0.517111;0.003066;no
no;-1.20184;0.549318;0.002352;no
no;-5.7069;1.27716;0.234996;yes
no;-3.77907;-1.22401;-0.127798;no
no;-2.56699;-1.27856;-0.235078;no
yes;-4.91739;0.310072;0.130876;no
no;-6.10089;1.49793;0.235703;no
no;-4.35111;-0.538389;0.002519;no
no;-1.19029;0.565693;0.002097;no
yes;-4.48294;-0.12057;-0.15991;yes
yes;-1.19015;0.196944;0.157259;no
no;-1.03066;0.27261;0.150577;no
no;-4.69861;-0.007306;-0.157379;no
no;-4.85552;0.075614;-0.150935;no
no;-6.069;0.517993;-0.003043;no
no;-2.9739;-0.522671;-0.004396;no
no;-4.95163;0.06433;-0.15955;yes
yes;-1.54693;0.006478;0.15719;no
no;-1.38573;0.049954;0.150358;no
no;-5.06028;0.092548;-0.157304;no
no;-5.21883;0.131682;-0.15071;no
no;-6.42817;0.268624;-0.003033;no
no;-3.33338;-0.266495;-0.004454;no
no;-2.97241;-1.01676;0.154969;yes
yes;-3.0345;-1.02557;0.157141;no
no;-2.87364;-0.994675;0.150287;no
no;-6.55281;0.994217;-0.157206;no
no;-6.71234;0.937946;-0.150477;no
no;-7.92678;-0.075028;-0.001526;no
no;-4.80862;0.099106;-0.002223;no
no;-2.67716;-0.833028;0.151867;yes
yes;-2.80654;-0.879909;0.157097;no
no;-2.64293;-0.818259;0.150055;no
no;-6.32562;0.930881;-0.157226;no
no;-6.48651;0.912527;-0.150441;no
no;-7.69074;0.151423;-0.003053;no
no;-4.5958;-0.108386;-0.00441;no
no;-2.69891;-0.513153;0.158123;yes
yes;-2.65997;-0.503293;0.157051;no
no;-2.49381;-0.452853;0.149828;no
no;-6.18197;0.564988;-0.157184;no
no;-6.34533;0.566799;-0.150228;no
no;-7.5455;0.172421;-0.003083;no
no;-4.45083;-0.146853;-0.004424;no
no;-4.56946;-0.019325;-0.146867;yes
yes;-1.64142;-0.009573;0.156987;no
no;-1.47223;0.013351;0.149538;no
no;-5.16748;0.059631;-0.157125;no
no;-5.33377;0.078978;-0.149957;no
no;-6.52886;0.131591;-0.003111;no
no;-3.43444;-0.129889;-0.004436;no
no;-3.04491;-0.39632;-0.15588;yes
yes;0.066374;0.397303;0.156902;no
no;0.238721;0.386887;0.149201;no
no;-3.46497;-0.37754;-0.157047;no
no;-3.6343;-0.350817;-0.149641;no
no;-4.82361;0.044195;-0.003139;no
no;-1.72949;-0.062923;-0.004455;no
no;-2.68234;-0.722535;-0.184572;yes
yes;-0.026087;0.805782;0.233358;no
no;0.149044;0.79712;0.221633;no
no;-3.56122;-0.736124;-0.233469;no
no;-3.73479;-0.668347;-0.221973;no
no;-4.92659;0.171343;-0.002344;no
no;-1.8087;-0.189961;-0.003297;no
no;-3.17933;-0.99748;-0.226429;yes
yes;-0.150559;0.986899;0.233244;no
no;0.028738;0.997779;0.221057;no
no;-3.68798;-0.852864;-0.233475;no
no;-3.86402;-0.748849;-0.221772;no
no;-5.04326;0.324275;-0.004776;no
no;-1.94967;-0.369204;-0.006648;no
no;-3.14987;-0.942768;-0.150624;yes
yes;-0.149868;0.932232;0.156734;no
no;0.032168;0.942312;0.148319;no
no;-3.69208;-0.803521;-0.156874;no
no;-3.87073;-0.703093;-0.148781;no
no;-5.04475;0.307612;-0.003202;no
no;-1.95179;-0.350574;-0.004578;no
no;-3.12784;-1.0616;-0.074405;yes
yes;-0.158149;1.04845;0.078337;no
no;0.027326;1.0613;0.073999;no
no;-3.70398;-0.89818;-0.078409;no
no;-3.88595;-0.780904;-0.074241;no
no;-5.05473;0.356405;-0.001615;no
no;-1.96196;-0.404784;-0.00229;no
no;-3.00266;-0.888399;-0.146779;yes
yes;-0.063151;0.895254;0.156576;no
no;0.124897;0.890055;0.147658;no
no;-3.6141;-0.798752;-0.15675;no
no;-3.79858;-0.710311;-0.148202;no
no;-4.96242;0.221958;-0.003275;no
no;-1.8694;-0.263898;-0.004496;no
no;-2.76918;-0.746483;-0.113771;yes
yes;-0.200642;0.785342;0.156596;no
no;-0.011679;0.801365;0.147639;no
no;-3.75573;-0.654979;-0.156596;no
no;-3.94469;-0.556572;-0.147639;no
no;-5.11978;0.317532;0;no
no;-1.97818;-0.317532;0;no
no;-2.89401;-0.791121;-0.106104;yes
yes;-0.388938;0.755057;0.156513;no
no;-0.195843;0.800404;0.147225;no
no;-3.94629;-0.565759;-0.156605;no
no;-4.13748;-0.443705;-0.147517;no
no;-5.30019;0.452499;-0.001667;no
no;-2.18313;-0.469018;-0.002258;no
no;-3.5356;-0.505912;-0.11706;yes
yes;-0.932106;0.326623;0.156421;no
no;-0.736519;0.405886;0.146894;no
no;-4.49238;-0.119574;-0.156599;no
no;-4.68407;-0.015516;-0.147476;no
no;-5.83559;0.493922;-0.003348;no
no;-2.74367;-0.505085;-0.004597;no
no;-3.81935;-0.325844;-0.076756;yes
yes;-1.53398;0.015397;0.156346;no
no;-1.33662;0.097064;0.14664;no
no;-5.09856;0.15755;-0.15653;no
no;-5.29196;0.229086;-0.147239;no
no;-6.43963;0.413186;-0.003357;no
no;-3.34782;-0.409431;-0.004609;no
no;-4.49779;-0.069592;0.002239;yes
yes;-2.7225;-0.29851;0.1562;no
no;-2.52368;-0.266364;0.146272;no
no;-6.29542;0.326767;-0.156393;no
no;-6.49021;0.319813;-0.146893;no
no;-7.63248;0.071795;-0.003344;no
no;-4.54068;-0.055839;-0.004622;no
no;-3.71757;-0.372098;0.19409;yes
yes;-2.88019;-0.428609;0.232263;no
no;-2.68012;-0.397272;0.217301;no
no;-6.45933;0.436816;-0.232404;no
no;-6.65735;0.412984;-0.217763;no
no;-7.80235;0.022899;-0.00247;no
no;-4.68569;-0.011844;-0.003465;no
no;-3.56686;-0.526358;0.205127;yes
yes;-2.81231;-0.546781;0.232131;no
no;-2.6098;-0.498027;0.216816;no
no;-6.39607;0.574148;-0.232296;no
no;-6.59647;0.549701;-0.217331;no
no;-7.73673;0.067594;-0.00253;no
no;-4.62022;-0.05318;-0.00344;no
no;-3.91423;-0.416021;0.157769;yes
yes;-2.84076;-0.554883;0.231884;no
no;-2.63427;-0.507799;0.21596;no
no;-6.43117;0.574624;-0.232192;no
no;-6.63333;0.545722;-0.216965;no
no;-7.75946;0.054833;-0.005001;no
no;-4.66824;-0.02564;-0.006987;no
no;-4.18438;-0.252828;0.107666;yes
yes;-3.11994;-0.50171;0.155726;no
no;-2.9102;-0.488453;0.144661;no
no;-6.71898;0.454924;-0.155946;no
no;-6.92427;0.40219;-0.145373;no
no;-8.04302;-0.094302;-0.00337;no
no;-4.95193;0.119063;-0.004709;no
no;-3.96701;-0.34229;0.110989;yes
yes;-2.92787;-0.493184;0.15561;no
no;-2.71486;-0.459409;0.14422;no
no;-6.53298;0.489002;-0.155841;no
no;-6.7414;0.452607;-0.144965;no
no;-7.85393;2.60E-05;-0.003397;no
no;-4.76313;0.025595;-0.004729;no
no;-3.88823;-0.250364;0.199236;yes
yes;-3.07191;-0.340279;0.231326;no
no;-2.85601;-0.32729;0.21396;no
no;-6.68518;0.313914;-0.23151;no
no;-6.89869;0.278508;-0.21455;no
no;-8.01103;-0.053349;-0.002561;no
no;-4.89512;0.061986;-0.003553;no
no;-3.57455;-0.414897;0.204546;yes
yes;-2.79712;-0.43022;0.231143;no
no;-2.57824;-0.386441;0.213306;no
no;-6.41716;0.452975;-0.231315;no
no;-6.63358;0.429297;-0.213884;no
no;-7.73966;0.052139;-0.002522;no
no;-4.62375;-0.04046;-0.003591;no
no;-4.06874;-0.17526;0.149717;yes
yes;-2.93105;-0.285592;0.23077;no
no;-2.70663;-0.264848;0.212023;no
no;-6.56;0.280923;-0.231177;no
no;-6.77937;0.256823;-0.213318;no
no;-7.86907;-0.004407;-0.005137;no
no;-4.77884;0.019391;-0.007085;no
no;-3.90164;-0.167268;0.095304;yes
yes;-2.71737;-0.21032;0.154969;no
no;-2.48878;-0.183323;0.141914;no
no;-6.35496;0.230182;-0.155246;no
no;-6.57832;0.220799;-0.142811;no
no;-7.65966;0.044564;-0.003461;no
no;-4.56984;-0.032785;-0.004823;no
no;-3.74339;-0.291382;0.106789;yes
yes;-2.6475;-0.311205;0.154797;no
no;-2.4156;-0.264349;0.141348;no
no;-6.29372;0.353462;-0.155077;no
no;-6.52023;0.343596;-0.142267;no
no;-7.5941;0.090831;-0.003457;no
no;-4.50464;-0.07291;-0.004882;no
no;-3.18652;-0.509735;0.197215;yes
yes;-2.33555;-0.353278;0.230202;no
no;-2.10112;-0.25809;0.209864;no
no;-5.98679;0.488001;-0.230438;no
no;-6.21848;0.509182;-0.210609;no
no;-7.29379;0.271121;-0.002605;no
no;-4.17807;-0.259847;-0.003553;no
no;-3.41364;-0.533856;0.204841;yes
yes;-2.61735;-0.479807;0.229882;no
no;-2.37975;-0.401029;0.208912;no
no;-6.27888;0.554234;-0.230135;no
no;-6.51365;0.539585;-0.209701;no
no;-7.58071;0.149577;-0.002633;no
no;-4.4653;-0.13556;-0.003596;no
no;-3.59757;-0.446456;0.195001;yes
yes;-2.71714;-0.453136;0.229394;no
no;-2.47398;-0.3905;0.20737;no
no;-6.38981;0.494436;-0.229931;no
no;-6.62719;0.468127;-0.209028;no
no;-7.67731;0.087394;-0.005248;no
no;-4.58787;-0.06176;-0.007161;no
no;-3.57018;-0.469844;0.180958;yes
yes;-2.58847;-0.439541;0.229083;no
no;-2.34097;-0.359666;0.206286;no
no;-6.27051;0.516525;-0.229651;no
no;-6.51206;0.503095;-0.208033;no
no;-7.5534;0.152943;-0.005274;no
no;-4.4641;-0.126945;-0.00717;no
no;-3.80798;-0.370167;0.186222;yes
yes;-2.85395;-0.451567;0.22862;no
no;-2.60243;-0.404111;0.204956;no
no;-6.55004;0.454248;-0.229211;no
no;-6.79543;0.41047;-0.20677;no
no;-7.82606;0.013145;-0.00525;no
no;-4.737;0.011591;-0.007252;no
no;-3.51874;-0.402794;0.204835;yes
yes;-2.69673;-0.391076;0.228223;no
no;-2.44035;-0.331014;0.203636;no
no;-6.40423;0.430073;-0.228857;no
no;-6.65431;0.403748;-0.205562;no
no;-7.67465;0.07728;-0.005281;no
no;-4.58579;-0.054702;-0.007268;no
no;-3.54752;-0.332347;0.193059;yes
yes;-2.63121;-0.315641;0.227957;no
no;-2.37132;-0.25963;0.202717;no
no;-6.35119;0.360907;-0.228288;no
no;-6.60781;0.342849;-0.203725;no
no;-7.62409;0.08243;-0.00265;no
no;-4.50912;-0.073027;-0.003685;no
no;-3.72241;-0.328532;0.166007;yes
yes;-2.61922;-0.340565;0.227073;no
no;-2.35152;-0.276571;0.200123;no
no;-6.35376;0.391995;-0.228159;no
no;-6.61151;0.371983;-0.203351;no
no;-7.60253;0.097775;-0.007938;no
no;-4.54026;-0.067311;-0.010935;no
no;-3.55693;-0.414445;0.125316;yes
yes;-2.5775;-0.382781;0.152453;no
no;-2.30685;-0.304101;0.133917;no
no;-6.32464;0.452566;-0.152994;no
no;-6.58853;0.432003;-0.135479;no
no;-7.57589;0.124345;-0.00359;no
no;-4.48704;-0.101213;-0.004847;no
no;-3.76554;-0.213365;0.121717;yes
yes;-2.74156;-0.242144;0.152002;no
no;-2.46506;-0.204996;0.132588;no
no;-6.50602;0.2564;-0.152606;no
no;-6.7756;0.231666;-0.134286;no
no;-7.74896;0.02756;-0.003613;no
no;-4.65996;-0.013776;-0.004802;no
no;-3.37818;-0.338766;0.068224;yes
yes;-2.50661;-0.280549;0.075889;no
no;-2.22695;-0.212595;0.065951;no
no;-6.28601;0.348472;-0.076047;no
no;-6.56213;0.335004;-0.066393;no
no;-7.5298;0.111001;-0.0009;no
no;-4.41458;-0.10225;-0.00121;no
no;-3.51369;-0.326055;0.062084;yes
yes;-2.49688;-0.27975;0.075571;no
no;-2.21028;-0.208877;0.065067;no
no;-6.29416;0.349985;-0.075907;no
no;-6.57351;0.335358;-0.065998;no
no;-7.52111;0.114366;-0.001801;no
no;-4.43273;-0.096612;-0.002455;no
no;-3.37805;-0.340267;0.068334;yes
yes;-2.49105;-0.278519;0.075419;no
no;-2.20093;-0.206241;0.064632;no
no;-6.30586;0.349916;-0.075605;no
no;-6.59232;0.333415;-0.065133;no
no;-7.53226;0.110673;-0.000904;no
no;-4.41714;-0.101846;-0.001213;no
no;-3.50316;-0.327375;0.062606;yes
yes;-2.47706;-0.275526;0.075039;no
no;-2.17975;-0.200208;0.063622;no
no;-6.31213;0.349859;-0.075438;no
no;-6.60196;0.332373;-0.064679;no
no;-7.52089;0.11444;-0.001809;no
no;-4.43267;-0.096632;-0.00246;no
no;-3.49755;-0.328066;0.062883;yes
yes;-2.46621;-0.273167;0.074735;no
no;-2.16346;-0.195505;0.062825;no
no;-6.32202;0.349742;-0.07517;no
no;-6.61719;0.330663;-0.063953;no
no;-7.52081;0.114465;-0.001813;no
no;-4.43268;-0.096629;-0.002463;no
yes;-0.358342;2.04252;-0.079992;yes
no;-3.7079;-1.84058;0.078528;no
no;-3.34922;-2.13422;0.078896;no
no;-0.187559;2.14281;-0.078614;no
no;-0.534866;1.87645;-0.07897;no
no;-1.92161;-0.749555;-0.00186;no
yes;1.17385;0.843205;-0.00183;no
no;-0.228745;2.10033;-0.079926;yes
no;-3.60911;-1.92509;0.078484;no
no;-3.24553;-2.14486;0.078869;no
no;-0.083519;2.14899;-0.078579;no
no;-0.435493;1.95522;-0.07894;no
no;-1.82029;-0.53247;-0.001833;no
yes;1.27547;0.627648;-0.001833;no
no;-2.94324;-2.11561;0.141985;yes
no;-3.61852;-1.91712;0.156936;no
no;-3.24906;-2.14547;0.157606;no
no;-0.091059;2.14898;-0.157132;no
no;-0.448464;1.94453;-0.15776;no
no;-1.82853;-0.550029;-0.003691;no
yes;1.26693;0.645674;-0.00369;no
no;-3.1932;-2.17539;0.157022;yes
no;-3.58455;-1.96806;0.156878;no
no;-3.20977;-2.17323;0.157509;no
no;-0.053867;2.17513;-0.157091;no
no;-0.416277;1.99226;-0.157662;no
no;-1.79293;-0.479905;-0.003655;no
yes;1.30261;0.577203;-0.003712;no
no;-3.21261;-2.20397;0.157867;yes
no;-3.57565;-2.00464;0.156832;no
no;-3.19538;-2.20634;0.157395;no
no;-0.042178;2.20758;-0.15705;no
no;-0.409756;2.02663;-0.157556;no
no;-1.78263;-0.464565;-0.003646;no
yes;1.31302;0.563276;-0.003703;no
no;-3.22132;-2.26452;0.153771;yes
no;-3.69846;-1.92852;0.156906;no
no;-3.31148;-2.23903;0.157128;no
no;-0.169348;2.23924;-0.157112;no
no;-0.543186;1.94476;-0.15732;no
no;-1.90758;-0.750697;-0.003677;no
yes;1.18805;0.848417;-0.003676;no
no;-3.2339;-2.35073;0.076303;yes
no;-3.73447;-1.95787;0.078481;no
no;-3.34183;-2.3136;0.078449;no
no;-0.209344;2.30923;-0.078589;no
no;-0.588455;1.96369;-0.078549;no
no;-1.94555;-0.864137;-0.001826;no
yes;1.15004;0.964264;-0.001855;no
no;-3.27124;-2.43102;0.073719;yes
no;-3.86069;-1.84459;0.078555;no
no;-3.46049;-2.32798;0.078249;no
no;-0.345181;2.30698;-0.07866;no
no;-0.731324;1.8247;-0.078364;no
no;-2.07657;-1.18775;-0.001827;no
yes;1.01898;1.28521;-0.001856;no
no;-3.25702;-2.44637;0.073841;yes
no;-3.84073;-1.88499;0.078582;no
no;-3.43426;-2.35803;0.078112;no
no;-0.329534;2.33024;-0.078696;no
no;-0.721552;1.84899;-0.078226;no
no;-2.05882;-1.15473;-0.001794;no
yes;1.03683;1.25342;-0.001881;no
no;-3.31072;-2.55157;0.071493;yes
no;-3.95786;-1.77299;0.078684;no
no;-3.54337;-2.38238;0.077844;no
no;-0.460821;2.31849;-0.078798;no
no;-0.860286;1.68827;-0.077972;no
no;-2.18304;-1.48763;-0.001783;no
yes;0.912527;1.58351;-0.001898;no
no;-3.29632;-2.4644;0.071106;yes
no;-3.9519;-1.71919;0.078716;no
no;-3.52878;-2.30957;0.07764;no
no;-0.459686;2.23528;-0.078834;no
no;-0.867164;1.61373;-0.077777;no
no;-2.17945;-1.4261;-0.00177;no
yes;0.916078;1.51881;-0.001914;no
no;-0.85346;0.279535;-0.079901;yes
no;-3.39197;-0.411967;0.068081;no
no;-3.77192;-0.343512;0.078808;no
no;-0.971239;0.239945;-0.078876;no
no;-1.33998;0.097278;-0.068754;no
no;-2.34558;-0.297471;-0.002282;no
no;-3.29961;-2.40581;0.070496;yes
no;-3.96864;-1.64941;0.078758;no
no;-3.53634;-2.2488;0.0774;no
no;-0.482357;2.1582;-0.078874;no
no;-0.898353;1.51748;-0.077557;no
no;-2.19914;-1.43198;-0.001771;no
yes;0.896395;1.52121;-0.001914;no
no;-1.68559;-0.034142;-0.080002;yes
no;-4.64835;-0.019075;0.078719;no
no;-4.25885;-0.130607;0.067404;no
no;-1.85992;-0.084989;-0.078796;no
no;-2.23779;-0.184405;-0.068133;no
no;-3.22841;-0.296967;-0.002278;no
yes;-0.139579;0.29519;-0.001942;no
no;-3.30141;-2.33662;0.07003;yes
no;-3.97977;-1.58295;0.078798;no
no;-3.53786;-2.18337;0.077142;no
no;-0.499581;2.07752;-0.078917;no
no;-0.924491;1.42537;-0.077312;no
no;-2.2133;-1.41817;-0.001756;no
yes;0.882231;1.50392;-0.001929;no
no;-2.11436;-0.200405;-0.079998;yes
no;-5.07906;0.138921;0.078608;no
no;-4.68028;-0.012441;0.066666;no
no;-2.30562;-0.259794;-0.078692;no
no;-2.69233;-0.349039;-0.067444;no
no;-3.66694;-0.335238;-0.002262;no
yes;-0.578141;0.324516;-0.001962;no
no;-3.29502;-2.29134;0.069932;yes
no;-3.97312;-1.56213;0.078836;no
no;-3.52181;-2.15299;0.076878;no
no;-0.498539;2.03637;-0.078954;no
no;-0.93214;1.38214;-0.07707;no
no;-2.2094;-1.38205;-0.001758;no
yes;0.886072;1.46641;-0.001931;no
no;-1.59587;-0.012775;-0.079367;yes
no;-4.41457;-0.149486;0.078457;no
no;-4.00942;-0.329342;0.065939;no
no;-1.66025;-0.045509;-0.078555;no
no;-2.0531;-0.236287;-0.066773;no
no;-3.01265;-0.505204;-0.002235;no
yes;0.076454;0.507945;-0.001964;no
no;-3.30664;-2.29582;0.06988;yes
no;-3.98203;-1.55273;0.07889;no
no;-3.52152;-2.16148;0.076578;no
no;-0.51555;2.02493;-0.079005;no
no;-0.957605;1.3394;-0.076796;no
no;-2.22229;-1.4113;-0.001764;no
yes;0.873046;1.49538;-0.001936;no
no;-1.4997;0.054085;-0.069934;yes
no;-3.92728;-0.538217;0.078295;no
no;-3.51736;-0.708252;0.065259;no
no;-1.1925;0.281204;-0.078409;no
no;-1.58998;-0.014602;-0.066146;no
no;-2.53577;-0.625879;-0.002209;no
yes;0.553586;0.647661;-0.001969;no
no;-3.28806;-2.25739;0.070129;yes
no;-3.95433;-1.56878;0.078926;no
no;-3.48438;-2.14907;0.076292;no
no;-0.49394;2.00908;-0.079048;no
no;-0.944704;1.33711;-0.076518;no
no;-2.19761;-1.33843;-0.001737;no
yes;0.897682;1.42254;-0.001967;no
no;-1.47266;0.065812;-0.06657;yes
no;-3.81181;-0.52638;0.078168;no
no;-3.39352;-0.650468;0.06451;no
no;-1.09231;0.309259;-0.078285;no
no;-1.49775;0.049018;-0.065436;no
no;-2.42818;-0.507874;-0.00219;no
yes;0.660915;0.530238;-0.00201;no
no;-3.22774;-2.16475;0.14201;yes
no;-3.8709;-1.62013;0.157848;no
no;-3.39124;-2.10545;0.152116;no
no;-0.41004;1.99269;-0.158088;no
no;-0.869746;1.40151;-0.152629;no
no;-2.11385;-1.1228;-0.003504;no
yes;0.981432;1.20772;-0.003906;no
no;-1.76548;-0.081261;-0.159155;yes
no;-4.58043;-0.055267;0.156021;no
no;-4.14857;-0.224484;0.126847;no
no;-1.87784;-0.126957;-0.156306;no
no;-2.29632;-0.278718;-0.128919;no
no;-3.20566;-0.419193;-0.00441;no
yes;-0.1165;0.417207;-0.003979;no
no;-3.20614;-2.12989;0.142909;yes
no;-3.83575;-1.64043;0.157879;no
no;-3.34599;-2.08991;0.151544;no
no;-0.376362;1.98495;-0.158094;no
no;-0.845479;1.41586;-0.152158;no
no;-2.07949;-1.03951;-0.003571;no
yes;1.01602;1.12427;-0.003801;no
no;-2.48642;-0.404483;-0.159384;yes
no;-5.48368;0.355572;0.155704;no
no;-5.03639;0.162396;0.124452;no
no;-2.79676;-0.480075;-0.156065;no
no;-3.23021;-0.508103;-0.126814;no
no;-4.11731;-0.28595;-0.004465;no
yes;-1.02764;0.263643;-0.003842;no
no;-3.14949;-2.06361;0.144189;yes
no;-3.76179;-1.67934;0.157858;no
no;-3.26149;-2.04886;0.151037;no
no;-0.301341;1.97069;-0.158087;no
no;-0.780149;1.46688;-0.151684;no
no;-2.00492;-0.868013;-0.003542;no
yes;1.0906;0.953322;-0.003829;no
no;-2.59027;-0.384505;-0.158537;yes
no;-5.62571;0.357289;0.155354;no
no;-5.16705;0.198231;0.122344;no
no;-2.95685;-0.443705;-0.155751;no
no;-3.40124;-0.436255;-0.124871;no
no;-4.26875;-0.193747;-0.004453;no
yes;-1.17924;0.17226;-0.00388;no
no;-3.11907;-2.05312;0.143092;yes
no;-3.7442;-1.69192;0.157929;no
no;-3.23873;-2.04396;0.150615;no
no;-0.284942;1.97083;-0.158049;no
no;-0.779221;1.46109;-0.15096;no
no;-2.0012;-0.856849;-0.00176;no
yes;1.11734;0.899647;-0.001929;no
no;-2.60455;-0.354969;-0.159211;yes
no;-5.59626;0.31943;0.155051;no
no;-5.13054;0.167761;0.1208;no
no;-2.9479;-0.405402;-0.155273;no
no;-3.40631;-0.398738;-0.122152;no
no;-4.26106;-0.18019;-0.002216;no
yes;-1.14557;0.170427;-0.00196;no
no;-3.14086;-2.01108;0.145416;yes
no;-3.73387;-1.66853;0.157891;no
no;-3.21044;-2.00632;0.149704;no
no;-0.276594;1.93464;-0.158134;no
no;-0.776562;1.43456;-0.150469;no
no;-1.97835;-0.797126;-0.003526;no
yes;1.117;0.881613;-0.003871;no
no;-2.11133;-0.096688;-0.157076;yes
no;-5.1805;0.084777;0.15446;no
no;-4.70387;-0.001601;0.118089;no
no;-2.55452;-0.156432;-0.154966;no
no;-3.01644;-0.186422;-0.120973;no
no;-3.84611;-0.143159;-0.004417;no
yes;-0.756691;0.136618;-0.003931;no
no;-3.14133;-1.99796;0.145903;yes
no;-3.72604;-1.66633;0.157915;no
no;-3.19043;-1.99558;0.148951;no
no;-0.270779;1.92516;-0.158161;no
no;-0.781898;1.41771;-0.149792;no
no;-1.97146;-0.779259;-0.003526;no
yes;1.12391;0.863442;-0.00387;no
no;-2.07319;-0.090474;-0.155797;yes
no;-5.16768;0.082621;0.153908;no
no;-4.6804;-0.00601;0.115512;no
no;-2.56621;-0.157638;-0.154493;no
no;-3.03863;-0.186896;-0.118629;no
no;-3.84627;-0.14314;-0.004405;no
yes;-0.756771;0.136608;-0.003929;no
no;-3.20771;-2.0227;0.072582;yes
no;-3.7984;-1.60538;0.079023;no
no;-3.24965;-2.0153;0.073929;no
no;-0.353715;1.90163;-0.079145;no
no;-0.876894;1.29643;-0.074392;no
no;-2.04915;-0.933125;-0.001747;no
yes;1.04625;1.01523;-0.001948;no
no;-2.07416;-0.090634;-0.077904;yes
no;-5.15317;0.080164;0.076614;no
no;-4.65559;-0.010667;0.056329;no
no;-2.58075;-0.159108;-0.07695;no
no;-3.06345;-0.187318;-0.057999;no
no;-3.84714;-0.143033;-0.002183;no
yes;-0.75762;0.136498;-0.001982;no
no;-3.28133;-2.03298;0.071943;yes
no;-3.88354;-1.51338;0.079109;no
no;-3.32045;-2.02025;0.073257;no
no;-0.452588;1.8463;-0.079221;no
no;-0.988904;1.12834;-0.073796;no
no;-2.14121;-1.10858;-0.001762;no
yes;0.954199;1.18717;-0.001933;no
no;-2.08774;-0.092861;-0.078124;yes
no;-5.13741;0.077476;0.076212;no
no;-4.62977;-0.015505;0.054774;no
no;-2.59683;-0.160694;-0.076616;no
no;-3.08978;-0.187639;-0.056596;no
no;-3.84838;-0.142882;-0.00218;no
yes;-0.758563;0.136376;-0.001961;no
no;-3.32014;-2.05475;0.071322;yes
no;-3.92812;-1.47473;0.079243;no
no;-3.35272;-2.04158;0.072465;no
no;-0.519223;1.81276;-0.079332;no
no;-1.06895;1.00439;-0.07304;no
no;-2.19916;-1.22734;-0.001625;no
yes;0.899912;1.29803;-0.001776;no
no;-3.33504;-2.01036;0;yes
no;-3.91908;-1.45997;0;no
no;-3.3349;-2.01042;0;no
no;-0.516395;1.78145;0;no
no;-1.08606;0.954578;0;no
no;-2.20446;-1.21296;0;no
yes;0.914176;1.25054;0;no
no;-3.27035;-1.99739;0.07147;yes
no;-3.86361;-1.51151;0.079355;no
no;-3.25923;-2.00014;0.071066;no
no;-0.475913;1.79025;-0.079437;no
no;-1.05193;0.99877;-0.071787;no
no;-2.14497;-1.09392;-0.001649;no
yes;0.953511;1.16579;-0.001799;no
no;-0.722872;1.51252;-0.079334;yes
no;-3.85594;-1.52383;0.079419;no
no;-3.23669;-2.00783;0.070267;no
no;-0.48099;1.78809;-0.079495;no
no;-1.07061;0.967299;-0.07107;no
no;-2.14369;-1.09332;-0.001653;no
yes;0.954697;1.1655;-0.001803;no
no;-1.03939;1.01283;-0.073529;yes
no;-3.88909;-1.46584;0.07949;no
no;-3.25277;-1.98636;0.0693;no
no;-0.529278;1.72522;-0.079561;no
no;-1.1344;0.844801;-0.070207;no
no;-2.18436;-1.15082;-0.001664;no
yes;0.913786;1.22071;-0.001812;no
no;-1.51172;0.114986;-0.052098;yes
no;-3.89775;-1.41674;0.079552;no
no;-3.24322;-1.93743;0.068267;no
no;-0.55162;1.65862;-0.079614;no
no;-1.17332;0.753861;-0.069299;no
no;-2.19984;-1.14584;-0.001685;no
yes;0.898124;1.21343;-0.001805;no
no;-1.85057;-0.516239;-0.057034;yes
no;-3.88609;-1.37486;0.1592;no
no;-3.21199;-1.86484;0.134373;no
no;-0.551486;1.59231;-0.159316;no
no;-1.19091;0.693237;-0.136686;no
no;-2.19385;-1.09086;-0.003392;no
yes;0.903861;1.15642;-0.003629;no
no;-2.28035;-1.18239;0.015902;yes
no;-3.84616;-1.38275;0.159289;no
no;-3.15309;-1.81477;0.132191;no
no;-0.523165;1.57213;-0.159401;no
no;-1.1798;0.691667;-0.134725;no
no;-2.1597;-1.00808;-0.003376;no
yes;0.937856;1.07354;-0.003669;no
no;-2.48629;-1.43684;0.033894;yes
no;-3.92703;-1.28139;0.159448;no
no;-3.21307;-1.80759;0.129234;no
no;-0.625219;1.46941;-0.159532;no
no;-1.30104;0.482956;-0.132147;no
no;-2.25138;-1.14033;-0.003434;no
yes;0.846175;1.20123;-0.003613;no
no;-2.65742;-1.56233;0.073954;yes
no;-3.82596;-1.36774;0.159515;no
no;-3.09272;-1.76312;0.126889;no
no;-0.534021;1.51945;-0.159588;no
no;-1.22746;0.59423;-0.130102;no
no;-2.15531;-0.974043;-0.003462;no
yes;0.94225;1.0379;-0.003583;no
no;-2.74828;-1.60705;0.046072;yes
no;-3.77733;-1.39999;0.079795;no
no;-3.02343;-1.72777;0.062109;no
no;-0.497391;1.52908;-0.079825;no
no;-1.20965;0.614783;-0.063888;no
no;-2.11273;-0.897434;-0.001749;no
yes;0.984738;0.962307;-0.001781;no
no;-2.82145;-1.66509;0.050403;yes
no;-3.77326;-1.41573;0.079845;no
no;-2.99898;-1.73642;0.060582;no
no;-0.511181;1.52998;-0.079868;no
no;-1.24224;0.566056;-0.06255;no
no;-2.11785;-0.912496;-0.001762;no
yes;0.979666;0.97763;-0.001765;no
no;-2.87407;-1.68606;0.052036;yes
no;-3.7888;-1.3947;0.079893;no
no;-2.9929;-1.72896;0.058873;no
no;-0.547108;1.49306;-0.07991;no
no;-1.29824;0.470613;-0.061027;no
no;-2.14396;-0.948057;-0.001756;no
yes;0.953702;1.01165;-0.001759;no
no;-2.88247;-1.64673;0.054733;yes
no;-3.74448;-1.40326;0.079922;no
no;-2.92519;-1.66387;0.057175;no
no;-0.516602;1.48129;-0.079932;no
no;-1.28935;0.473174;-0.059557;no
no;-2.10679;-0.870016;-0.00178;no
yes;0.990972;0.933365;-0.001726;no
no;-2.83749;-1.57091;0.058791;yes
no;-3.62582;-1.45717;0.079928;no
no;-2.78049;-1.54027;0.055604;no
no;-0.400248;1.51632;-0.079935;no
no;-1.19689;0.60138;-0.058227;no
no;-1.98931;-0.669125;-0.001817;no
yes;1.10861;0.734169;-0.001677;no
no;-2.82749;-1.48943;0.059712;yes
no;-3.59463;-1.40807;0.079941;no
no;-2.71969;-1.42873;0.053638;no
no;-0.375978;1.45666;-0.079944;no
no;-1.19991;0.567607;-0.056545;no
no;-1.96172;-0.596738;-0.001852;no
yes;1.13638;0.659124;-0.001627;no
no;-2.86341;-1.42233;0;yes
no;-3.63723;-1.3012;0;no
no;-2.73166;-1.35664;0;no
no;-0.433661;1.34227;0;no
no;-1.28597;0.415647;0;no
no;-2.01216;-0.631869;0;no
yes;1.08602;0.689321;0;no
no;-2.98579;-1.44765;0;yes
no;-3.79751;-1.16132;0;no
no;-2.86516;-1.40977;0;no
no;-0.630161;1.18395;0;no
no;-1.50824;0.091616;0;no
no;-2.19152;-0.852314;0;no
yes;0.906874;0.902999;0;no
no;-2.9879;-1.47185;0.055595;yes
no;-3.78541;-1.19124;0.080001;no
no;-2.82958;-1.41749;0.04583;no
no;-0.64891;1.18667;-0.080002;no
no;-1.54949;0.031728;-0.049685;no
no;-2.16364;-0.832161;-0.004473;no
yes;0.902665;0.922717;-0.001548;no
no;-2.98534;-1.47868;0;yes
no;-3.76765;-1.21301;0;no
no;-2.78826;-1.40444;0;no
no;-0.664883;1.17805;0;no
no;-1.58863;-0.02669;0;no
no;-2.16539;-0.838524;0;no
yes;0.902533;0.927523;0;no
no;-2.97641;-1.47785;0;yes
no;-3.73546;-1.24172;0;no
no;-2.73413;-1.37558;0;no
no;-0.669569;1.17476;0;no
no;-1.61547;-0.066907;0;no
no;-2.15433;-0.8255;0;no
yes;0.914978;0.913641;0;no
no;-2.95598;-1.44895;0;yes
no;-3.68789;-1.25969;0;no
no;-2.66384;-1.3092;0;no
no;-0.658579;1.16594;0;no
no;-1.6277;-0.083852;0;no
no;-2.12753;-0.77903;0;no
yes;0.942648;0.866351;0;no
no;-2.94254;-1.43125;0;yes
no;-3.64124;-1.28159;0;no
no;-2.59622;-1.24828;0;no
no;-0.651965;1.16061;0;no
no;-1.6436;-0.106199;0;no
no;-2.10376;-0.74185;0;no
yes;0.967279;0.828658;0;no
no;-2.94013;-1.41463;0;yes
no;-3.60132;-1.29392;0;no
no;-2.53912;-1.18962;0;no
no;-0.660704;1.13999;0;no
no;-1.67275;-0.146943;0;no
no;-2.09177;-0.71863;0;no
yes;0.980062;0.804171;0;no
yes;-4.33801;-0.282774;0.402;yes
no;-1.03439;0.395169;-0.396599;no
no;-1.18565;0.290501;-0.401967;no
yes;-4.3525;-0.272311;0.401969;no
no;-4.50282;-0.160867;0.39669;no
no;0.394392;0.713884;0.008881;no
no;-4.15124;-0.395392;0.391736;yes
no;-1.22405;0.252502;-0.401971;no
no;-1.07112;0.356002;-0.396541;no
yes;-4.38969;-0.23563;0.401972;no
no;-4.54156;-0.126309;0.396616;no
no;0.358598;0.695738;0.009613;no
no;-2.81834;-0.70452;0.004597;no
no;-0.184188;0.633623;-0.123127;yes
no;-1.42288;0.094989;-0.401913;no
no;-1.26964;0.191185;-0.395926;no
yes;-4.60666;-0.068018;0.401909;no
no;-4.75892;0.029977;0.395956;no
no;0.146772;0.637596;0.007907;no
no;-3.02557;-0.640192;0.004452;no
no;-1.63314;-0.032237;-0.255177;yes
no;-2.49404;-0.412645;-0.401901;no
no;-2.3399;-0.359834;-0.395766;no
yes;-5.67987;0.426043;0.401903;no
no;-5.83295;0.465824;0.395852;no
no;-0.924564;0.311559;0.008391;no
no;-4.09835;-0.298102;0.004551;no
no;-2.2094;-0.575933;-0.337739;yes
no;-2.76045;-0.89687;-0.401901;no
no;-2.60558;-0.830695;-0.395715;no
yes;-5.94629;0.911888;0.401903;no
no;-6.10018;0.950068;0.395795;no
no;-1.1925;0.356858;0.00778;no
no;-4.36393;-0.329914;0.004213;no
no;-2.41351;-0.786847;-0.42273;yes
no;-2.89194;-1.02144;-0.48187;no
no;-2.73589;-0.968548;-0.474315;no
yes;-6.07877;1.03217;0.481872;no
no;-6.23375;1.05283;0.47442;no
no;-1.32326;0.258279;0.009919;no
no;-4.49662;-0.225683;0.005394;no
no;-2.5697;-1.02185;-0.439671;yes
no;-2.96866;-1.1971;-0.481864;no
no;-2.81164;-1.14967;-0.474185;no
yes;-6.15657;1.2055;0.481866;no
no;-6.31258;1.2147;0.474285;no
no;-1.40205;0.204091;0.00918;no
no;-4.57309;-0.168727;0.005014;no
no;-2.61913;-1.08354;-0.447758;yes
no;-2.97487;-1.23301;-0.481862;no
no;-2.8166;-1.18489;-0.474059;no
yes;-6.16318;1.24135;0.481864;no
no;-6.32036;1.24948;0.474168;no
no;-1.40729;0.203527;0.009746;no
no;-4.58015;-0.164859;0.005325;no
no;-2.76427;-1.23123;-0.448897;yes
no;-3.11205;-1.32382;-0.481845;no
no;-2.95278;-1.30086;-0.473838;no
yes;-6.30339;1.32412;0.481847;no
no;-6.46163;1.30336;0.473944;no
no;-1.54753;0.030817;0.009006;no
no;-4.71817;0.007651;0.004994;no
no;-2.72728;-1.30139;-0.460417;yes
no;-3.00332;-1.40811;-0.481852;no
no;-2.84291;-1.35873;-0.473795;no
yes;-6.19371;1.41599;0.48185;no
no;-6.35301;1.41821;0.473877;no
no;-1.43706;0.18956;0.009529;no
no;-4.60958;-0.145905;0.005376;no
no;-2.85573;-1.55716;-0.38674;yes
no;-3.10647;-1.62202;-0.401868;no
no;-2.94546;-1.59191;-0.395016;no
yes;-6.29925;1.62282;0.40187;no
no;-6.45923;1.59794;0.395104;no
no;-1.54332;0.044593;0.007248;no
no;-4.71299;0.000974;0.004039;no
no;-2.8779;-1.50698;-0.46507;yes
no;-3.11763;-1.56049;-0.481831;no
no;-2.95522;-1.53391;-0.47346;no
yes;-6.3108;1.56034;0.481838;no
no;-6.4721;1.53316;0.473608;no
no;-1.55345;0.027079;0.00937;no
no;-4.72505;0.019761;0.005093;no
no;-2.88629;-1.46529;-0.465068;yes
no;-3.12538;-1.51417;-0.481823;no
no;-2.96167;-1.48993;-0.473283;no
yes;-6.3202;1.51334;0.481825;no
no;-6.48286;1.48429;0.473396;no
no;-1.56329;0.01137;0.008677;no
no;-4.73298;0.031177;0.004865;no
no;-2.81703;-1.33141;-0.467965;yes
no;-3.03277;-1.39644;-0.48183;no
no;-2.86736;-1.35226;-0.47318;no
yes;-6.22644;1.40249;0.481832;no
no;-6.3907;1.39664;0.473301;no
no;-1.46897;0.142792;0.00922;no
no;-4.64033;-0.101141;0.005125;no
no;-2.80988;-1.35048;-0.470783;yes
no;-2.99994;-1.41404;-0.481831;no
no;-2.83331;-1.36101;-0.473075;no
yes;-6.19346;1.4226;0.481833;no
no;-6.359;1.42425;0.473191;no
no;-1.43718;0.190286;0.008684;no
no;-4.60677;-0.150578;0.004812;no
no;-2.74128;-1.29714;-0.473659;yes
no;-2.90239;-1.36839;-0.481842;no
no;-2.73422;-1.29323;-0.473016;no
yes;-6.09409;1.38339;0.481844;no
no;-6.2611;1.40815;0.47314;no
no;-1.33755;0.325555;0.009248;no
no;-4.50884;-0.284729;0.005063;no
no;-2.7582;-1.27564;-0.474944;yes
no;-2.9045;-1.33702;-0.481845;no
no;-2.73488;-1.2633;-0.472901;no
yes;-6.09582;1.35143;0.481847;no
no;-6.26431;1.37526;0.47302;no
no;-1.34042;0.314084;0.008785;no
no;-4.51018;-0.276252;0.004788;no
no;-2.79088;-1.2077;-0.475806;yes
no;-2.9264;-1.25632;-0.481845;no
no;-2.75508;-1.19111;-0.472745;no
yes;-6.11763;1.26839;0.481847;no
no;-6.28775;1.28597;0.472873;no
no;-1.36138;0.267339;0.009218;no
no;-4.53249;-0.230097;0.005009;no
no;-2.78714;-1.17057;-0.477537;yes
no;-2.89866;-1.21151;-0.481849;no
no;-2.72579;-1.14181;-0.472629;no
yes;-6.08925;1.22476;0.481851;no
no;-6.26099;1.24785;0.472751;no
no;-1.33451;0.29219;0.008646;no
no;-4.50372;-0.258561;0.004669;no
no;-2.70572;-0.877951;-0.478158;yes
no;-2.8082;-0.915178;-0.481858;no
no;-2.63256;-0.845715;-0.472442;no
yes;-5.99718;0.929161;0.48186;no
no;-6.17158;0.962479;0.472577;no
no;-1.24194;0.312793;0.009277;no
no;-4.41304;-0.285608;0.004948;no
no;-2.63842;-0.783037;-0.479478;yes
no;-2.71758;-0.814667;-0.481866;no
no;-2.53993;-0.73686;-0.472318;no
yes;-5.90515;0.830707;0.481868;no
no;-6.08163;0.875723;0.472445;no
no;-1.15188;0.363577;0.008662;no
no;-4.32093;-0.341025;0.004571;no
no;-2.53219;-0.594482;-0.400901;yes
no;-2.58408;-0.615205;-0.401902;no
no;-2.4038;-0.536457;-0.393797;no
yes;-5.77004;0.631613;0.401901;no
no;-5.94903;0.684887;0.393886;no
no;-1.01604;0.381879;0.007773;no
no;-4.18731;-0.36342;0.00416;no
no;-2.6099;-0.733139;-0.401599;yes
no;-2.63298;-0.742895;-0.401906;no
no;-2.45154;-0.655963;-0.393741;no
yes;-5.818;0.760179;0.401905;no
no;-5.99822;0.816257;0.393824;no
no;-1.06565;0.411619;0.007296;no
no;-4.23505;-0.39076;0.003885;no
no;-2.90468;-0.756487;-0.481311;yes
no;-2.93494;-0.761667;-0.481867;no
no;-2.75132;-0.719706;-0.471741;no
yes;-6.12188;0.768123;0.481874;no
no;-6.303;0.778072;0.472053;no
no;-1.35031;0.170198;0.017754;no
no;-4.54774;-0.127558;0.009151;no
no;-3.10516;-0.780262;-0.480587;yes
no;-3.15744;-0.780683;-0.481854;no
no;-2.97292;-0.7697;-0.471537;no
yes;-6.3472;0.779182;0.481856;no
no;-6.53049;0.757026;0.471676;no
no;-1.59332;-0.017586;0.008428;no
no;-4.76164;0.038442;0.004455;no
no;-3.19098;-0.804075;-0.480471;yes
no;-3.24558;-0.800707;-0.481845;no
no;-3.05942;-0.80234;-0.471296;no
yes;-6.43719;0.795528;0.481843;no
no;-6.62201;0.759286;0.471415;no
no;-1.68127;-0.088755;0.008889;no
no;-4.85139;0.111545;0.004861;no
no;-3.09855;-0.913732;-0.481085;yes
no;-3.13496;-0.914559;-0.481844;no
no;-2.94764;-0.897431;-0.471168;no
yes;-6.32645;0.913724;0.481846;no
no;-6.5125;0.890639;0.471314;no
no;-1.57176;-0.000882;0.008404;no
no;-4.74005;0.025295;0.004464;no
no;-3.06272;-1.09122;-0.481548;yes
no;-3.08085;-1.09261;-0.481845;no
no;-2.89267;-1.06089;-0.471093;no
yes;-6.27242;1.09457;0.481843;no
no;-6.45925;1.0777;0.471214;no
no;-1.5167;0.059183;0.0088;no
no;-4.68651;-0.02832;0.0048;no
no;-3.02254;-1.17777;-0.481887;yes
no;-3.01889;-1.17725;-0.481847;no
no;-2.82884;-1.12863;-0.470915;no
yes;-6.20968;1.18296;0.481851;no
no;-6.39711;1.17848;0.471219;no
no;-1.43743;0.157722;0.017076;no
no;-4.63317;-0.093869;0.009017;no
no;-3.23232;-1.13177;-0.48153;yes
no;-3.24975;-1.1298;-0.481826;no
no;-3.0586;-1.13254;-0.470627;no
yes;-6.44443;1.1217;0.481824;no
no;-6.6342;1.06715;0.470754;no
no;-1.68763;-0.132471;0.008575;no
no;-4.85683;0.16358;0.004732;no
no;-3.29384;-1.09079;-0.639257;yes
no;-3.3144;-1.08712;-0.639756;no
no;-3.12149;-1.10333;-0.624503;no
yes;-6.51099;1.07505;0.639759;no
no;-6.7026;1.00791;0.624712;no
no;-1.75455;-0.201644;0.010655;no
no;-4.92179;0.229398;0.005757;no
no;-3.25342;-1.13006;-0.639331;yes
no;-3.27117;-1.12763;-0.63975;no
no;-3.07676;-1.13478;-0.624242;no
yes;-6.46845;1.11771;0.639753;no
no;-6.66147;1.05677;0.624468;no
no;-1.71081;-0.158704;0.011204;no
no;-4.87939;0.189022;0.006062;no
no;-3.19777;-0.917296;-0.481715;yes
no;-3.20424;-0.916943;-0.481811;no
no;-3.00699;-0.910434;-0.469864;no
yes;-6.40114;0.91236;0.481809;no
no;-6.59702;0.873871;0.469995;no
no;-1.64432;-0.067487;0.008052;no
no;-4.81187;0.091246;0.004459;no
no;-3.19569;-0.904344;-0.481856;yes
no;-3.19162;-0.904536;-0.481805;no
no;-2.99178;-0.895525;-0.469532;no
yes;-6.38926;0.900579;0.481806;no
no;-6.58627;0.864388;0.469845;no
no;-1.61504;-0.04006;0.016306;no
no;-4.80896;0.087321;0.008908;no
no;-3.40834;-0.875707;-0.481621;yes
no;-3.41756;-0.873462;-0.481776;no
no;-3.21585;-0.90531;-0.4691;no
yes;-6.6193;0.857013;0.481777;no
no;-6.81816;0.780975;0.469425;no
no;-1.84385;-0.244809;0.015924;no
no;-5.03682;0.289384;0.008839;no
no;-3.40244;-0.947139;-0.481472;yes
no;-3.418;-0.943089;-0.481763;no
no;-3.21558;-0.977618;-0.468922;no
yes;-6.62138;0.92477;0.481766;no
no;-6.82234;0.841238;0.469111;no
no;-1.86145;-0.280928;0.008084;no
no;-5.02904;0.305248;0.004447;no
no;-3.30897;-1.046;-0.481528;yes
no;-3.32139;-1.04373;-0.481754;no
no;-3.11774;-1.06052;-0.468718;no
yes;-6.52596;1.02972;0.481757;no
no;-6.72819;0.95751;0.468902;no
no;-1.76627;-0.206041;0.007677;no
no;-4.93258;0.231698;0.004236;no
no;-3.2527;-1.03249;-0.481654;yes
no;-3.25857;-1.0318;-0.481752;no
no;-3.053;-1.03482;-0.468491;no
yes;-6.46334;1.02208;0.481756;no
no;-6.6674;0.963153;0.468687;no
no;-1.70295;-0.136894;0.007967;no
no;-4.87018;0.163247;0.004389;no
no;-3.36781;-1.10905;-0.481307;yes
no;-3.38735;-1.10385;-0.481718;no
no;-3.18055;-1.13718;-0.4681;no
yes;-6.59649;1.08264;0.481722;no
no;-6.80183;0.988378;0.468294;no
no;-1.83488;-0.297052;0.007506;no
no;-5.00077;0.323655;0.004205;no
no;-3.35843;-1.09401;-0.481399;yes
no;-3.37317;-1.09034;-0.4817;no
no;-3.16378;-1.11997;-0.467675;no
yes;-6.58418;1.06988;0.481709;no
no;-6.79059;0.979097;0.468081;no
no;-1.80601;-0.261071;0.0151;no
no;-4.99658;0.314094;0.008504;no
no;-3.345;-1.08889;-0.481278;yes
no;-3.36387;-1.08446;-0.481688;no
no;-3.15342;-1.11174;-0.467468;no
yes;-6.57657;1.06431;0.481692;no
no;-6.78553;0.974458;0.467673;no
no;-1.81347;-0.267168;0.007368;no
no;-4.979;0.29292;0.004167;no
no;-0.397756;-1.08889;-0.481278;yes
no;-3.12854;-0.97813;-0.481669;no
no;-2.90674;-0.951361;-0.46597;no
yes;-6.3437;0.976422;0.481669;no
no;-6.5655;0.939489;0.46597;no
no;-1.59453;-0.023213;0;no
no;-4.73612;0.023213;0;no
no;-3.14195;-1.03915;-0.481806;yes
no;-3.07701;-1.03699;-0.481665;no
no;-2.85277;-0.996113;-0.465643;no
yes;-6.29229;1.03911;0.48167;no
no;-6.51486;1.01139;0.465885;no
no;-1.52794;0.044518;0.007354;no
no;-4.69335;-0.019786;0.004123;no
no;-3.21222;-1.00774;-0.48189;yes
no;-3.15332;-1.01019;-0.481646;no
no;-2.92614;-0.986899;-0.465142;no
yes;-6.37074;1.00639;0.48165;no
no;-6.59459;0.961666;0.465591;no
no;-1.59086;-0.020264;0.014315;no
no;-4.77916;0.06741;0.008199;no
no;-3.1885;-1.01271;-0.481796;yes
no;-3.12175;-1.01363;-0.481646;no
no;-2.89339;-0.982756;-0.464994;no
yes;-6.33943;1.01222;0.481645;no
no;-6.56608;0.973528;0.465205;no
no;-1.57401;-0.003257;0.007212;no
no;-4.73926;0.027234;0.004188;no
no;-3.25322;-1.01096;-0.481893;yes
no;-3.19353;-1.01592;-0.481625;no
no;-2.96234;-1.00099;-0.464485;no
yes;-6.41286;1.00875;0.481636;no
no;-6.64062;0.952997;0.465002;no
no;-1.63222;-0.062448;0.014308;no
no;-4.82027;0.109534;0.008081;no
no;-3.23123;-1.02258;-0.481876;yes
no;-3.1697;-1.02629;-0.481622;no
no;-2.93737;-1.00536;-0.464318;no
yes;-6.38931;1.02092;0.481634;no
no;-6.6199;0.969045;0.464626;no
no;-1.6233;-0.053879;0.007202;no
no;-4.78799;0.077542;0.00393;no
no;-3.20876;-0.975633;-0.481825;yes
no;-3.14249;-0.977838;-0.481615;no
no;-2.90683;-0.951015;-0.463836;no
yes;-6.36285;0.974737;0.481627;no
no;-6.59496;0.930698;0.464381;no
no;-1.58167;-0.010634;0.014325;no
no;-4.76974;0.056052;0.008075;no
no;-3.22956;-0.952325;-0.481858;yes
no;-3.16545;-0.955749;-0.481603;no
no;-2.92753;-0.9342;-0.463458;no
yes;-6.38701;0.950873;0.481616;no
no;-6.62131;0.901889;0.464019;no
no;-1.60532;-0.033002;0.014283;no
no;-4.79328;0.077251;0.008062;no
no;-3.38296;-0.938286;-0.481988;yes
no;-3.33582;-0.948127;-0.48157;no
no;-3.09672;-0.965323;-0.463082;no
yes;-6.56065;0.929339;0.481584;no
no;-6.7979;0.841098;0.46342;no
no;-1.79206;-0.212062;0.007196;no
no;-4.95681;0.233841;0.003968;no
no;-3.35099;-0.931419;-0.481993;yes
no;-3.30564;-0.939435;-0.481551;no
no;-3.06337;-0.949308;-0.462526;no
yes;-6.53202;0.922892;0.481572;no
no;-6.77055;0.841353;0.46317;no
no;-1.74835;-0.168187;0.014173;no
no;-4.93588;0.211044;0.007964;no
no;-3.25015;-0.942546;-0.401993;yes
no;-3.20149;-0.946427;-0.401635;no
no;-2.95794;-0.932183;-0.385649;no
yes;-6.42835;0.938155;0.401635;no
no;-6.66995;0.878092;0.385871;no
no;-1.65853;-0.083078;0.00595;no
no;-4.82364;0.105262;0.003503;no
no;-3.1449;-0.994343;-0.401964;yes
no;-3.08907;-0.992977;-0.401639;no
no;-2.84356;-0.950514;-0.385456;no
yes;-6.31507;0.993843;0.401645;no
no;-6.55866;0.956859;0.385715;no
no;-1.54598;0.024675;0.0059;no
no;-4.71057;-0.001806;0.003346;no
no;-3.29404;-0.904825;-0.481993;yes
no;-3.24751;-0.910311;-0.481531;no
no;-2.99921;-0.906177;-0.461567;no
yes;-6.47648;0.898392;0.481539;no
no;-6.72279;0.828403;0.461895;no
no;-1.70582;-0.123229;0.007121;no
no;-4.87062;0.144248;0.004066;no
no;-3.29487;-0.847082;-0.32;yes
no;-3.2498;-0.852117;-0.31968;no
no;-2.99769;-0.848271;-0.306008;no
yes;-6.48001;0.840582;0.319691;no
no;-6.72806;0.773702;0.306457;no
no;-1.69431;-0.105599;0.009402;no
no;-4.88208;0.144752;0.005373;no
no;-3.26253;-0.843759;-0.239998;yes
no;-3.21814;-0.847478;-0.239756;no
no;-2.96455;-0.836681;-0.229388;no
yes;-6.44873;0.838347;0.239764;no
no;-6.70024;0.777111;0.229585;no
no;-1.6773;-0.090352;0.003579;no
no;-4.84204;0.109888;0.001976;no
no;-3.32557;-0.812173;-0.23999;yes
no;-3.2871;-0.817384;-0.23974;no
no;-3.02982;-0.820959;-0.229017;no
yes;-6.52064;0.802934;0.239749;no
no;-6.7737;0.728707;0.229376;no
no;-1.73343;-0.133763;0.00702;no
no;-4.92107;0.171144;0.00403;no
no;-3.33826;-0.823946;-0.239971;yes
no;-3.30568;-0.828857;-0.239727;no
no;-3.046;-0.836306;-0.228763;no
yes;-6.54145;0.812278;0.239737;no
no;-6.79684;0.731724;0.229132;no
no;-1.75328;-0.152463;0.006987;no
no;-4.94077;0.19021;0.004028;no
no;-3.25584;-0.794377;-0.239981;yes
no;-3.22016;-0.797122;-0.239725;no
no;-2.95759;-0.786092;-0.228538;no
yes;-6.45631;0.787637;0.239735;no
no;-6.71449;0.726364;0.228919;no
no;-1.66784;-0.07747;0.007016;no
no;-4.85548;0.114022;0.004035;no
no;-3.17535;-0.841315;-0.239984;yes
no;-3.13852;-0.84179;-0.239725;no
no;-2.87358;-0.811741;-0.228365;no
yes;-6.37462;0.838278;0.239735;no
no;-6.63509;0.790207;0.228755;no
no;-1.58612;-0.012899;0.007028;no
no;-4.77379;0.051658;0.00403;no
no;-3.12928;-0.739541;-0.161993;yes
no;-3.08626;-0.738465;-0.161811;no
no;-2.81771;-0.701142;-0.153964;no
yes;-6.32296;0.739012;0.161813;no
no;-6.5869;0.705747;0.154204;no
no;-1.53389;0.027292;0.004733;no
no;-4.72196;0.007078;0.002795;no
no;-2.98836;-0.822733;-0.161994;yes
no;-2.93741;-0.815194;-0.161817;no
no;-2.66646;-0.740276;-0.153885;no
yes;-6.17176;0.827325;0.161824;no
no;-6.43803;0.822527;0.154164;no
no;-1.38367;0.154876;0.004821;no
no;-4.57188;-0.116591;0.00273;no
no;-3.11864;-0.772709;0;yes
no;-3.07038;-0.770953;0;no
no;-2.79632;-0.727297;0;no
yes;-6.30761;0.772682;0;no
no;-6.57688;0.739818;0;no
no;-1.51811;0.040702;0;no
no;-4.70638;-0.004644;0;no
no;-3.11883;-0.763597;0;yes
no;-3.06642;-0.761638;0;no
no;-2.7893;-0.716887;0;no
yes;-6.30386;0.763632;0;no
no;-6.57608;0.731268;0;no
no;-1.51419;0.043212;0;no
no;-4.70253;-0.007532;0;no
no;-3.06537;-0.828029;0;yes
no;-3.00774;-0.823012;0;no
no;-2.72806;-0.76044;0;no
yes;-6.24446;0.829818;0;no
no;-6.51917;0.807424;0;no
no;-1.45507;0.095886;0;no
no;-4.64346;-0.057197;0;no
no;-2.97913;-0.85042;0;yes
no;-2.91452;-0.839647;0;no
no;-2.63182;-0.752199;0;no
yes;-6.15009;0.854147;0;no
no;-6.42768;0.852787;0;no
no;-1.36091;0.179551;0;no
no;-4.54975;-0.139537;0;no
no;-2.97343;-0.8892;0;yes
no;-2.90228;-0.876219;0;no
no;-2.61675;-0.780524;0;no
yes;-6.13684;0.89228;0;no
no;-6.41717;0.893838;0;no
no;-1.34802;0.199273;0;no
no;-4.53699;-0.157387;0;no
no;-3.02596;-0.837558;0;yes
no;-2.95372;-0.828352;0;no
no;-2.66466;-0.749095;0;no
yes;-6.18927;0.839473;0;no
no;-6.47301;0.828043;0;no
